[2026-05-13 16:58:05] local.ERROR: include(/Users/izarhairulanam/Downloads/finance-tracker 4/vendor/composer/../../app/Http/Livewire/Notification.php): Failed to open stream: No such file or directory (View: /Users/izarhairulanam/Downloads/finance-tracker 4/resources/views/layouts/app.blade.php) (View: /Users/izarhairulanam/Downloads/finance-tracker 4/resources/views/layouts/app.blade.php) {"exception":"[object] (Illuminate\\View\\ViewException(code: 0): include(/Users/izarhairulanam/Downloads/finance-tracker 4/vendor/composer/../../app/Http/Livewire/Notification.php): Failed to open stream: No such file or directory (View: /Users/izarhairulanam/Downloads/finance-tracker 4/resources/views/layouts/app.blade.php) (View: /Users/izarhairulanam/Downloads/finance-tracker 4/resources/views/layouts/app.blade.php) at /Users/izarhairulanam/Downloads/finance-tracker 4/vendor/composer/ClassLoader.php:576)
[stacktrace]
#0 /Users/izarhairulanam/Downloads/finance-tracker 4/vendor/livewire/livewire/src/Mechanisms/ExtendBlade/ExtendedCompilerEngine.php(58): Illuminate\\View\\Engines\\CompilerEngine->handleViewException(Object(Illuminate\\View\\ViewException), 1)
#1 /Users/izarhairulanam/Downloads/finance-tracker 4/vendor/laravel/framework/src/Illuminate/View/Engines/PhpEngine.php(60): Livewire\\Mechanisms\\ExtendBlade\\ExtendedCompilerEngine->handleViewException(Object(Illuminate\\View\\ViewException), 1)
#2 /Users/izarhairulanam/Downloads/finance-tracker 4/vendor/livewire/livewire/src/Mechanisms/ExtendBlade/ExtendedCompilerEngine.php(22): Illuminate\\View\\Engines\\PhpEngine->evaluatePath('/Users/izarhair...', Array)
#3 /Users/izarhairulanam/Downloads/finance-tracker 4/vendor/laravel/framework/src/Illuminate/View/Engines/CompilerEngine.php(75): Livewire\\Mechanisms\\ExtendBlade\\ExtendedCompilerEngine->evaluatePath('/Users/izarhair...', Array)
#4 /Users/izarhairulanam/Downloads/finance-tracker 4/vendor/livewire/livewire/src/Mechanisms/ExtendBlade/ExtendedCompilerEngine.php(10): Illuminate\\View\\Engines\\CompilerEngine->get('/Users/izarhair...', Array)
#5 /Users/izarhairulanam/Downloads/finance-tracker 4/vendor/laravel/framework/src/Illuminate/View/View.php(209): Livewire\\Mechanisms\\ExtendBlade\\ExtendedCompilerEngine->get('/Users/izarhair...', Array)
#6 /Users/izarhairulanam/Downloads/finance-tracker 4/vendor/laravel/framework/src/Illuminate/View/View.php(192): Illuminate\\View\\View->getContents()
#7 /Users/izarhairulanam/Downloads/finance-tracker 4/vendor/laravel/framework/src/Illuminate/View/View.php(161): Illuminate\\View\\View->renderContents()
#8 /Users/izarhairulanam/Downloads/finance-tracker 4/vendor/laravel/framework/src/Illuminate/View/Compilers/BladeCompiler.php(337): Illuminate\\View\\View->render()
#9 /Users/izarhairulanam/Downloads/finance-tracker 4/vendor/laravel/framework/src/Illuminate/Support/Facades/Facade.php(361): Illuminate\\View\\Compilers\\BladeCompiler::render('    <?php $layo...', Array)
#10 /Users/izarhairulanam/Downloads/finance-tracker 4/vendor/livewire/livewire/src/Features/SupportPageComponents/SupportPageComponents.php(153): Illuminate\\Support\\Facades\\Facade::__callStatic('render', Array)
#11 /Users/izarhairulanam/Downloads/finance-tracker 4/vendor/livewire/livewire/src/Features/SupportPageComponents/HandlesPageComponents.php(24): Livewire\\Features\\SupportPageComponents\\SupportPageComponents::renderContentsIntoLayout('<div wire:snaps...', Object(Livewire\\Features\\SupportPageComponents\\PageComponentConfig))
#12 /Users/izarhairulanam/Downloads/finance-tracker 4/vendor/laravel/framework/src/Illuminate/Routing/ControllerDispatcher.php(47): Livewire\\Component->__invoke()
#13 /Users/izarhairulanam/Downloads/finance-tracker 4/vendor/laravel/framework/src/Illuminate/Routing/Route.php(266): Illuminate\\Routing\\ControllerDispatcher->dispatch(Object(Illuminate\\Routing\\Route), Object(App\\Livewire\\Dashboard), '__invoke')
#14 /Users/izarhairulanam/Downloads/finance-tracker 4/vendor/laravel/framework/src/Illuminate/Routing/Route.php(212): Illuminate\\Routing\\Route->runController()
#15 /Users/izarhairulanam/Downloads/finance-tracker 4/vendor/laravel/framework/src/Illuminate/Routing/Router.php(808): Illuminate\\Routing\\Route->run()
#16 /Users/izarhairulanam/Downloads/finance-tracker 4/vendor/laravel/framework/src/Illuminate/Pipeline/Pipeline.php(170): Illuminate\\Routing\\Router->{closure:Illuminate\\Routing\\Router::runRouteWithinStack():807}(Object(Illuminate\\Http\\Request))
#17 /Users/izarhairulanam/Downloads/finance-tracker 4/vendor/laravel/framework/src/Illuminate/Routing/Middleware/SubstituteBindings.php(51): Illuminate\\Pipeline\\Pipeline->{closure:Illuminate\\Pipeline\\Pipeline::prepareDestination():168}(Object(Illuminate\\Http\\Request))
#18 /Users/izarhairulanam/Downloads/finance-tracker 4/vendor/laravel/framework/src/Illuminate/Pipeline/Pipeline.php(209): Illuminate\\Routing\\Middleware\\SubstituteBindings->handle(Object(Illuminate\\Http\\Request), Object(Closure))
#19 /Users/izarhairulanam/Downloads/finance-tracker 4/vendor/laravel/framework/src/Illuminate/Foundation/Http/Middleware/VerifyCsrfToken.php(88): Illuminate\\Pipeline\\Pipeline->{closure:{closure:Illuminate\\Pipeline\\Pipeline::carry():184}:185}(Object(Illuminate\\Http\\Request))
#20 /Users/izarhairulanam/Downloads/finance-tracker 4/vendor/laravel/framework/src/Illuminate/Pipeline/Pipeline.php(209): Illuminate\\Foundation\\Http\\Middleware\\VerifyCsrfToken->handle(Object(Illuminate\\Http\\Request), Object(Closure))
#21 /Users/izarhairulanam/Downloads/finance-tracker 4/vendor/laravel/framework/src/Illuminate/View/Middleware/ShareErrorsFromSession.php(49): Illuminate\\Pipeline\\Pipeline->{closure:{closure:Illuminate\\Pipeline\\Pipeline::carry():184}:185}(Object(Illuminate\\Http\\Request))
#22 /Users/izarhairulanam/Downloads/finance-tracker 4/vendor/laravel/framework/src/Illuminate/Pipeline/Pipeline.php(209): Illuminate\\View\\Middleware\\ShareErrorsFromSession->handle(Object(Illuminate\\Http\\Request), Object(Closure))
#23 /Users/izarhairulanam/Downloads/finance-tracker 4/vendor/laravel/framework/src/Illuminate/Session/Middleware/StartSession.php(121): Illuminate\\Pipeline\\Pipeline->{closure:{closure:Illuminate\\Pipeline\\Pipeline::carry():184}:185}(Object(Illuminate\\Http\\Request))
#24 /Users/izarhairulanam/Downloads/finance-tracker 4/vendor/laravel/framework/src/Illuminate/Session/Middleware/StartSession.php(64): Illuminate\\Session\\Middleware\\StartSession->handleStatefulRequest(Object(Illuminate\\Http\\Request), Object(Illuminate\\Session\\Store), Object(Closure))
#25 /Users/izarhairulanam/Downloads/finance-tracker 4/vendor/laravel/framework/src/Illuminate/Pipeline/Pipeline.php(209): Illuminate\\Session\\Middleware\\StartSession->handle(Object(Illuminate\\Http\\Request), Object(Closure))
#26 /Users/izarhairulanam/Downloads/finance-tracker 4/vendor/laravel/framework/src/Illuminate/Cookie/Middleware/AddQueuedCookiesToResponse.php(37): Illuminate\\Pipeline\\Pipeline->{closure:{closure:Illuminate\\Pipeline\\Pipeline::carry():184}:185}(Object(Illuminate\\Http\\Request))
#27 /Users/izarhairulanam/Downloads/finance-tracker 4/vendor/laravel/framework/src/Illuminate/Pipeline/Pipeline.php(209): Illuminate\\Cookie\\Middleware\\AddQueuedCookiesToResponse->handle(Object(Illuminate\\Http\\Request), Object(Closure))
#28 /Users/izarhairulanam/Downloads/finance-tracker 4/vendor/laravel/framework/src/Illuminate/Cookie/Middleware/EncryptCookies.php(75): Illuminate\\Pipeline\\Pipeline->{closure:{closure:Illuminate\\Pipeline\\Pipeline::carry():184}:185}(Object(Illuminate\\Http\\Request))
#29 /Users/izarhairulanam/Downloads/finance-tracker 4/vendor/laravel/framework/src/Illuminate/Pipeline/Pipeline.php(209): Illuminate\\Cookie\\Middleware\\EncryptCookies->handle(Object(Illuminate\\Http\\Request), Object(Closure))
#30 /Users/izarhairulanam/Downloads/finance-tracker 4/vendor/laravel/framework/src/Illuminate/Pipeline/Pipeline.php(127): Illuminate\\Pipeline\\Pipeline->{closure:{closure:Illuminate\\Pipeline\\Pipeline::carry():184}:185}(Object(Illuminate\\Http\\Request))
#31 /Users/izarhairulanam/Downloads/finance-tracker 4/vendor/laravel/framework/src/Illuminate/Routing/Router.php(807): Illuminate\\Pipeline\\Pipeline->then(Object(Closure))
#32 /Users/izarhairulanam/Downloads/finance-tracker 4/vendor/laravel/framework/src/Illuminate/Routing/Router.php(786): Illuminate\\Routing\\Router->runRouteWithinStack(Object(Illuminate\\Routing\\Route), Object(Illuminate\\Http\\Request))
#33 /Users/izarhairulanam/Downloads/finance-tracker 4/vendor/laravel/framework/src/Illuminate/Routing/Router.php(750): Illuminate\\Routing\\Router->runRoute(Object(Illuminate\\Http\\Request), Object(Illuminate\\Routing\\Route))
#34 /Users/izarhairulanam/Downloads/finance-tracker 4/vendor/laravel/framework/src/Illuminate/Routing/Router.php(739): Illuminate\\Routing\\Router->dispatchToRoute(Object(Illuminate\\Http\\Request))
#35 /Users/izarhairulanam/Downloads/finance-tracker 4/vendor/laravel/framework/src/Illuminate/Foundation/Http/Kernel.php(201): Illuminate\\Routing\\Router->dispatch(Object(Illuminate\\Http\\Request))
#36 /Users/izarhairulanam/Downloads/finance-tracker 4/vendor/laravel/framework/src/Illuminate/Pipeline/Pipeline.php(170): Illuminate\\Foundation\\Http\\Kernel->{closure:Illuminate\\Foundation\\Http\\Kernel::dispatchToRouter():198}(Object(Illuminate\\Http\\Request))
#37 /Users/izarhairulanam/Downloads/finance-tracker 4/vendor/livewire/livewire/src/Features/SupportDisablingBackButtonCache/DisableBackButtonCacheMiddleware.php(19): Illuminate\\Pipeline\\Pipeline->{closure:Illuminate\\Pipeline\\Pipeline::prepareDestination():168}(Object(Illuminate\\Http\\Request))
#38 /Users/izarhairulanam/Downloads/finance-tracker 4/vendor/laravel/framework/src/Illuminate/Pipeline/Pipeline.php(209): Livewire\\Features\\SupportDisablingBackButtonCache\\DisableBackButtonCacheMiddleware->handle(Object(Illuminate\\Http\\Request), Object(Closure))
#39 /Users/izarhairulanam/Downloads/finance-tracker 4/vendor/laravel/framework/src/Illuminate/Foundation/Http/Middleware/TransformsRequest.php(21): Illuminate\\Pipeline\\Pipeline->{closure:{closure:Illuminate\\Pipeline\\Pipeline::carry():184}:185}(Object(Illuminate\\Http\\Request))
#40 /Users/izarhairulanam/Downloads/finance-tracker 4/vendor/laravel/framework/src/Illuminate/Foundation/Http/Middleware/ConvertEmptyStringsToNull.php(31): Illuminate\\Foundation\\Http\\Middleware\\TransformsRequest->handle(Object(Illuminate\\Http\\Request), Object(Closure))
#41 /Users/izarhairulanam/Downloads/finance-tracker 4/vendor/laravel/framework/src/Illuminate/Pipeline/Pipeline.php(209): Illuminate\\Foundation\\Http\\Middleware\\ConvertEmptyStringsToNull->handle(Object(Illuminate\\Http\\Request), Object(Closure))
#42 /Users/izarhairulanam/Downloads/finance-tracker 4/vendor/laravel/framework/src/Illuminate/Foundation/Http/Middleware/TransformsRequest.php(21): Illuminate\\Pipeline\\Pipeline->{closure:{closure:Illuminate\\Pipeline\\Pipeline::carry():184}:185}(Object(Illuminate\\Http\\Request))
#43 /Users/izarhairulanam/Downloads/finance-tracker 4/vendor/laravel/framework/src/Illuminate/Foundation/Http/Middleware/TrimStrings.php(51): Illuminate\\Foundation\\Http\\Middleware\\TransformsRequest->handle(Object(Illuminate\\Http\\Request), Object(Closure))
#44 /Users/izarhairulanam/Downloads/finance-tracker 4/vendor/laravel/framework/src/Illuminate/Pipeline/Pipeline.php(209): Illuminate\\Foundation\\Http\\Middleware\\TrimStrings->handle(Object(Illuminate\\Http\\Request), Object(Closure))
#45 /Users/izarhairulanam/Downloads/finance-tracker 4/vendor/laravel/framework/src/Illuminate/Http/Middleware/ValidatePostSize.php(27): Illuminate\\Pipeline\\Pipeline->{closure:{closure:Illuminate\\Pipeline\\Pipeline::carry():184}:185}(Object(Illuminate\\Http\\Request))
#46 /Users/izarhairulanam/Downloads/finance-tracker 4/vendor/laravel/framework/src/Illuminate/Pipeline/Pipeline.php(209): Illuminate\\Http\\Middleware\\ValidatePostSize->handle(Object(Illuminate\\Http\\Request), Object(Closure))
#47 /Users/izarhairulanam/Downloads/finance-tracker 4/vendor/laravel/framework/src/Illuminate/Foundation/Http/Middleware/PreventRequestsDuringMaintenance.php(110): Illuminate\\Pipeline\\Pipeline->{closure:{closure:Illuminate\\Pipeline\\Pipeline::carry():184}:185}(Object(Illuminate\\Http\\Request))
#48 /Users/izarhairulanam/Downloads/finance-tracker 4/vendor/laravel/framework/src/Illuminate/Pipeline/Pipeline.php(209): Illuminate\\Foundation\\Http\\Middleware\\PreventRequestsDuringMaintenance->handle(Object(Illuminate\\Http\\Request), Object(Closure))
#49 /Users/izarhairulanam/Downloads/finance-tracker 4/vendor/laravel/framework/src/Illuminate/Http/Middleware/HandleCors.php(49): Illuminate\\Pipeline\\Pipeline->{closure:{closure:Illuminate\\Pipeline\\Pipeline::carry():184}:185}(Object(Illuminate\\Http\\Request))
#50 /Users/izarhairulanam/Downloads/finance-tracker 4/vendor/laravel/framework/src/Illuminate/Pipeline/Pipeline.php(209): Illuminate\\Http\\Middleware\\HandleCors->handle(Object(Illuminate\\Http\\Request), Object(Closure))
#51 /Users/izarhairulanam/Downloads/finance-tracker 4/vendor/laravel/framework/src/Illuminate/Http/Middleware/TrustProxies.php(58): Illuminate\\Pipeline\\Pipeline->{closure:{closure:Illuminate\\Pipeline\\Pipeline::carry():184}:185}(Object(Illuminate\\Http\\Request))
#52 /Users/izarhairulanam/Downloads/finance-tracker 4/vendor/laravel/framework/src/Illuminate/Pipeline/Pipeline.php(209): Illuminate\\Http\\Middleware\\TrustProxies->handle(Object(Illuminate\\Http\\Request), Object(Closure))
#53 /Users/izarhairulanam/Downloads/finance-tracker 4/vendor/laravel/framework/src/Illuminate/Foundation/Http/Middleware/InvokeDeferredCallbacks.php(22): Illuminate\\Pipeline\\Pipeline->{closure:{closure:Illuminate\\Pipeline\\Pipeline::carry():184}:185}(Object(Illuminate\\Http\\Request))
#54 /Users/izarhairulanam/Downloads/finance-tracker 4/vendor/laravel/framework/src/Illuminate/Pipeline/Pipeline.php(209): Illuminate\\Foundation\\Http\\Middleware\\InvokeDeferredCallbacks->handle(Object(Illuminate\\Http\\Request), Object(Closure))
#55 /Users/izarhairulanam/Downloads/finance-tracker 4/vendor/laravel/framework/src/Illuminate/Pipeline/Pipeline.php(127): Illuminate\\Pipeline\\Pipeline->{closure:{closure:Illuminate\\Pipeline\\Pipeline::carry():184}:185}(Object(Illuminate\\Http\\Request))
#56 /Users/izarhairulanam/Downloads/finance-tracker 4/vendor/laravel/framework/src/Illuminate/Foundation/Http/Kernel.php(176): Illuminate\\Pipeline\\Pipeline->then(Object(Closure))
#57 /Users/izarhairulanam/Downloads/finance-tracker 4/vendor/laravel/framework/src/Illuminate/Foundation/Http/Kernel.php(145): Illuminate\\Foundation\\Http\\Kernel->sendRequestThroughRouter(Object(Illuminate\\Http\\Request))
#58 /Users/izarhairulanam/Downloads/finance-tracker 4/vendor/laravel/framework/src/Illuminate/Foundation/Application.php(1220): Illuminate\\Foundation\\Http\\Kernel->handle(Object(Illuminate\\Http\\Request))
#59 /Users/izarhairulanam/Downloads/finance-tracker 4/public/index.php(17): Illuminate\\Foundation\\Application->handleRequest(Object(Illuminate\\Http\\Request))
#60 /Users/izarhairulanam/Downloads/finance-tracker 4/vendor/laravel/framework/src/Illuminate/Foundation/resources/server.php(23): require_once('/Users/izarhair...')
#61 {main}

[previous exception] [object] (Illuminate\\View\\ViewException(code: 0): include(/Users/izarhairulanam/Downloads/finance-tracker 4/vendor/composer/../../app/Http/Livewire/Notification.php): Failed to open stream: No such file or directory (View: /Users/izarhairulanam/Downloads/finance-tracker 4/resources/views/layouts/app.blade.php) at /Users/izarhairulanam/Downloads/finance-tracker 4/vendor/composer/ClassLoader.php:576)
[stacktrace]
#0 /Users/izarhairulanam/Downloads/finance-tracker 4/vendor/livewire/livewire/src/Mechanisms/ExtendBlade/ExtendedCompilerEngine.php(58): Illuminate\\View\\Engines\\CompilerEngine->handleViewException(Object(ErrorException), 2)
#1 /Users/izarhairulanam/Downloads/finance-tracker 4/vendor/laravel/framework/src/Illuminate/View/Engines/PhpEngine.php(60): Livewire\\Mechanisms\\ExtendBlade\\ExtendedCompilerEngine->handleViewException(Object(ErrorException), 2)
#2 /Users/izarhairulanam/Downloads/finance-tracker 4/vendor/livewire/livewire/src/Mechanisms/ExtendBlade/ExtendedCompilerEngine.php(22): Illuminate\\View\\Engines\\PhpEngine->evaluatePath('/Users/izarhair...', Array)
#3 /Users/izarhairulanam/Downloads/finance-tracker 4/vendor/laravel/framework/src/Illuminate/View/Engines/CompilerEngine.php(75): Livewire\\Mechanisms\\ExtendBlade\\ExtendedCompilerEngine->evaluatePath('/Users/izarhair...', Array)
#4 /Users/izarhairulanam/Downloads/finance-tracker 4/vendor/livewire/livewire/src/Mechanisms/ExtendBlade/ExtendedCompilerEngine.php(10): Illuminate\\View\\Engines\\CompilerEngine->get('/Users/izarhair...', Array)
#5 /Users/izarhairulanam/Downloads/finance-tracker 4/vendor/laravel/framework/src/Illuminate/View/View.php(209): Livewire\\Mechanisms\\ExtendBlade\\ExtendedCompilerEngine->get('/Users/izarhair...', Array)
#6 /Users/izarhairulanam/Downloads/finance-tracker 4/vendor/laravel/framework/src/Illuminate/View/View.php(192): Illuminate\\View\\View->getContents()
#7 /Users/izarhairulanam/Downloads/finance-tracker 4/vendor/laravel/framework/src/Illuminate/View/View.php(161): Illuminate\\View\\View->renderContents()
#8 /Users/izarhairulanam/Downloads/finance-tracker 4/vendor/laravel/framework/src/Illuminate/View/Concerns/ManagesComponents.php(103): Illuminate\\View\\View->render()
#9 /Users/izarhairulanam/Downloads/finance-tracker 4/storage/framework/views/7e0151e6d654b77c3ff7a445e1fe7b74.php(17): Illuminate\\View\\Factory->renderComponent()
#10 /Users/izarhairulanam/Downloads/finance-tracker 4/vendor/laravel/framework/src/Illuminate/Filesystem/Filesystem.php(123): require('/Users/izarhair...')
#11 /Users/izarhairulanam/Downloads/finance-tracker 4/vendor/laravel/framework/src/Illuminate/Filesystem/Filesystem.php(124): Illuminate\\Filesystem\\Filesystem::{closure:Illuminate\\Filesystem\\Filesystem::getRequire():120}()
#12 /Users/izarhairulanam/Downloads/finance-tracker 4/vendor/laravel/framework/src/Illuminate/View/Engines/PhpEngine.php(58): Illuminate\\Filesystem\\Filesystem->getRequire('/Users/izarhair...', Array)
#13 /Users/izarhairulanam/Downloads/finance-tracker 4/vendor/livewire/livewire/src/Mechanisms/ExtendBlade/ExtendedCompilerEngine.php(22): Illuminate\\View\\Engines\\PhpEngine->evaluatePath('/Users/izarhair...', Array)
#14 /Users/izarhairulanam/Downloads/finance-tracker 4/vendor/laravel/framework/src/Illuminate/View/Engines/CompilerEngine.php(75): Livewire\\Mechanisms\\ExtendBlade\\ExtendedCompilerEngine->evaluatePath('/Users/izarhair...', Array)
#15 /Users/izarhairulanam/Downloads/finance-tracker 4/vendor/livewire/livewire/src/Mechanisms/ExtendBlade/ExtendedCompilerEngine.php(10): Illuminate\\View\\Engines\\CompilerEngine->get('/Users/izarhair...', Array)
#16 /Users/izarhairulanam/Downloads/finance-tracker 4/vendor/laravel/framework/src/Illuminate/View/View.php(209): Livewire\\Mechanisms\\ExtendBlade\\ExtendedCompilerEngine->get('/Users/izarhair...', Array)
#17 /Users/izarhairulanam/Downloads/finance-tracker 4/vendor/laravel/framework/src/Illuminate/View/View.php(192): Illuminate\\View\\View->getContents()
#18 /Users/izarhairulanam/Downloads/finance-tracker 4/vendor/laravel/framework/src/Illuminate/View/View.php(161): Illuminate\\View\\View->renderContents()
#19 /Users/izarhairulanam/Downloads/finance-tracker 4/vendor/laravel/framework/src/Illuminate/View/Compilers/BladeCompiler.php(337): Illuminate\\View\\View->render()
#20 /Users/izarhairulanam/Downloads/finance-tracker 4/vendor/laravel/framework/src/Illuminate/Support/Facades/Facade.php(361): Illuminate\\View\\Compilers\\BladeCompiler::render('    <?php $layo...', Array)
#21 /Users/izarhairulanam/Downloads/finance-tracker 4/vendor/livewire/livewire/src/Features/SupportPageComponents/SupportPageComponents.php(153): Illuminate\\Support\\Facades\\Facade::__callStatic('render', Array)
#22 /Users/izarhairulanam/Downloads/finance-tracker 4/vendor/livewire/livewire/src/Features/SupportPageComponents/HandlesPageComponents.php(24): Livewire\\Features\\SupportPageComponents\\SupportPageComponents::renderContentsIntoLayout('<div wire:snaps...', Object(Livewire\\Features\\SupportPageComponents\\PageComponentConfig))
#23 /Users/izarhairulanam/Downloads/finance-tracker 4/vendor/laravel/framework/src/Illuminate/Routing/ControllerDispatcher.php(47): Livewire\\Component->__invoke()
#24 /Users/izarhairulanam/Downloads/finance-tracker 4/vendor/laravel/framework/src/Illuminate/Routing/Route.php(266): Illuminate\\Routing\\ControllerDispatcher->dispatch(Object(Illuminate\\Routing\\Route), Object(App\\Livewire\\Dashboard), '__invoke')
#25 /Users/izarhairulanam/Downloads/finance-tracker 4/vendor/laravel/framework/src/Illuminate/Routing/Route.php(212): Illuminate\\Routing\\Route->runController()
#26 /Users/izarhairulanam/Downloads/finance-tracker 4/vendor/laravel/framework/src/Illuminate/Routing/Router.php(808): Illuminate\\Routing\\Route->run()
#27 /Users/izarhairulanam/Downloads/finance-tracker 4/vendor/laravel/framework/src/Illuminate/Pipeline/Pipeline.php(170): Illuminate\\Routing\\Router->{closure:Illuminate\\Routing\\Router::runRouteWithinStack():807}(Object(Illuminate\\Http\\Request))
#28 /Users/izarhairulanam/Downloads/finance-tracker 4/vendor/laravel/framework/src/Illuminate/Routing/Middleware/SubstituteBindings.php(51): Illuminate\\Pipeline\\Pipeline->{closure:Illuminate\\Pipeline\\Pipeline::prepareDestination():168}(Object(Illuminate\\Http\\Request))
#29 /Users/izarhairulanam/Downloads/finance-tracker 4/vendor/laravel/framework/src/Illuminate/Pipeline/Pipeline.php(209): Illuminate\\Routing\\Middleware\\SubstituteBindings->handle(Object(Illuminate\\Http\\Request), Object(Closure))
#30 /Users/izarhairulanam/Downloads/finance-tracker 4/vendor/laravel/framework/src/Illuminate/Foundation/Http/Middleware/VerifyCsrfToken.php(88): Illuminate\\Pipeline\\Pipeline->{closure:{closure:Illuminate\\Pipeline\\Pipeline::carry():184}:185}(Object(Illuminate\\Http\\Request))
#31 /Users/izarhairulanam/Downloads/finance-tracker 4/vendor/laravel/framework/src/Illuminate/Pipeline/Pipeline.php(209): Illuminate\\Foundation\\Http\\Middleware\\VerifyCsrfToken->handle(Object(Illuminate\\Http\\Request), Object(Closure))
#32 /Users/izarhairulanam/Downloads/finance-tracker 4/vendor/laravel/framework/src/Illuminate/View/Middleware/ShareErrorsFromSession.php(49): Illuminate\\Pipeline\\Pipeline->{closure:{closure:Illuminate\\Pipeline\\Pipeline::carry():184}:185}(Object(Illuminate\\Http\\Request))
#33 /Users/izarhairulanam/Downloads/finance-tracker 4/vendor/laravel/framework/src/Illuminate/Pipeline/Pipeline.php(209): Illuminate\\View\\Middleware\\ShareErrorsFromSession->handle(Object(Illuminate\\Http\\Request), Object(Closure))
#34 /Users/izarhairulanam/Downloads/finance-tracker 4/vendor/laravel/framework/src/Illuminate/Session/Middleware/StartSession.php(121): Illuminate\\Pipeline\\Pipeline->{closure:{closure:Illuminate\\Pipeline\\Pipeline::carry():184}:185}(Object(Illuminate\\Http\\Request))
#35 /Users/izarhairulanam/Downloads/finance-tracker 4/vendor/laravel/framework/src/Illuminate/Session/Middleware/StartSession.php(64): Illuminate\\Session\\Middleware\\StartSession->handleStatefulRequest(Object(Illuminate\\Http\\Request), Object(Illuminate\\Session\\Store), Object(Closure))
#36 /Users/izarhairulanam/Downloads/finance-tracker 4/vendor/laravel/framework/src/Illuminate/Pipeline/Pipeline.php(209): Illuminate\\Session\\Middleware\\StartSession->handle(Object(Illuminate\\Http\\Request), Object(Closure))
#37 /Users/izarhairulanam/Downloads/finance-tracker 4/vendor/laravel/framework/src/Illuminate/Cookie/Middleware/AddQueuedCookiesToResponse.php(37): Illuminate\\Pipeline\\Pipeline->{closure:{closure:Illuminate\\Pipeline\\Pipeline::carry():184}:185}(Object(Illuminate\\Http\\Request))
#38 /Users/izarhairulanam/Downloads/finance-tracker 4/vendor/laravel/framework/src/Illuminate/Pipeline/Pipeline.php(209): Illuminate\\Cookie\\Middleware\\AddQueuedCookiesToResponse->handle(Object(Illuminate\\Http\\Request), Object(Closure))
#39 /Users/izarhairulanam/Downloads/finance-tracker 4/vendor/laravel/framework/src/Illuminate/Cookie/Middleware/EncryptCookies.php(75): Illuminate\\Pipeline\\Pipeline->{closure:{closure:Illuminate\\Pipeline\\Pipeline::carry():184}:185}(Object(Illuminate\\Http\\Request))
#40 /Users/izarhairulanam/Downloads/finance-tracker 4/vendor/laravel/framework/src/Illuminate/Pipeline/Pipeline.php(209): Illuminate\\Cookie\\Middleware\\EncryptCookies->handle(Object(Illuminate\\Http\\Request), Object(Closure))
#41 /Users/izarhairulanam/Downloads/finance-tracker 4/vendor/laravel/framework/src/Illuminate/Pipeline/Pipeline.php(127): Illuminate\\Pipeline\\Pipeline->{closure:{closure:Illuminate\\Pipeline\\Pipeline::carry():184}:185}(Object(Illuminate\\Http\\Request))
#42 /Users/izarhairulanam/Downloads/finance-tracker 4/vendor/laravel/framework/src/Illuminate/Routing/Router.php(807): Illuminate\\Pipeline\\Pipeline->then(Object(Closure))
#43 /Users/izarhairulanam/Downloads/finance-tracker 4/vendor/laravel/framework/src/Illuminate/Routing/Router.php(786): Illuminate\\Routing\\Router->runRouteWithinStack(Object(Illuminate\\Routing\\Route), Object(Illuminate\\Http\\Request))
#44 /Users/izarhairulanam/Downloads/finance-tracker 4/vendor/laravel/framework/src/Illuminate/Routing/Router.php(750): Illuminate\\Routing\\Router->runRoute(Object(Illuminate\\Http\\Request), Object(Illuminate\\Routing\\Route))
#45 /Users/izarhairulanam/Downloads/finance-tracker 4/vendor/laravel/framework/src/Illuminate/Routing/Router.php(739): Illuminate\\Routing\\Router->dispatchToRoute(Object(Illuminate\\Http\\Request))
#46 /Users/izarhairulanam/Downloads/finance-tracker 4/vendor/laravel/framework/src/Illuminate/Foundation/Http/Kernel.php(201): Illuminate\\Routing\\Router->dispatch(Object(Illuminate\\Http\\Request))
#47 /Users/izarhairulanam/Downloads/finance-tracker 4/vendor/laravel/framework/src/Illuminate/Pipeline/Pipeline.php(170): Illuminate\\Foundation\\Http\\Kernel->{closure:Illuminate\\Foundation\\Http\\Kernel::dispatchToRouter():198}(Object(Illuminate\\Http\\Request))
#48 /Users/izarhairulanam/Downloads/finance-tracker 4/vendor/livewire/livewire/src/Features/SupportDisablingBackButtonCache/DisableBackButtonCacheMiddleware.php(19): Illuminate\\Pipeline\\Pipeline->{closure:Illuminate\\Pipeline\\Pipeline::prepareDestination():168}(Object(Illuminate\\Http\\Request))
#49 /Users/izarhairulanam/Downloads/finance-tracker 4/vendor/laravel/framework/src/Illuminate/Pipeline/Pipeline.php(209): Livewire\\Features\\SupportDisablingBackButtonCache\\DisableBackButtonCacheMiddleware->handle(Object(Illuminate\\Http\\Request), Object(Closure))
#50 /Users/izarhairulanam/Downloads/finance-tracker 4/vendor/laravel/framework/src/Illuminate/Foundation/Http/Middleware/TransformsRequest.php(21): Illuminate\\Pipeline\\Pipeline->{closure:{closure:Illuminate\\Pipeline\\Pipeline::carry():184}:185}(Object(Illuminate\\Http\\Request))
#51 /Users/izarhairulanam/Downloads/finance-tracker 4/vendor/laravel/framework/src/Illuminate/Foundation/Http/Middleware/ConvertEmptyStringsToNull.php(31): Illuminate\\Foundation\\Http\\Middleware\\TransformsRequest->handle(Object(Illuminate\\Http\\Request), Object(Closure))
#52 /Users/izarhairulanam/Downloads/finance-tracker 4/vendor/laravel/framework/src/Illuminate/Pipeline/Pipeline.php(209): Illuminate\\Foundation\\Http\\Middleware\\ConvertEmptyStringsToNull->handle(Object(Illuminate\\Http\\Request), Object(Closure))
#53 /Users/izarhairulanam/Downloads/finance-tracker 4/vendor/laravel/framework/src/Illuminate/Foundation/Http/Middleware/TransformsRequest.php(21): Illuminate\\Pipeline\\Pipeline->{closure:{closure:Illuminate\\Pipeline\\Pipeline::carry():184}:185}(Object(Illuminate\\Http\\Request))
#54 /Users/izarhairulanam/Downloads/finance-tracker 4/vendor/laravel/framework/src/Illuminate/Foundation/Http/Middleware/TrimStrings.php(51): Illuminate\\Foundation\\Http\\Middleware\\TransformsRequest->handle(Object(Illuminate\\Http\\Request), Object(Closure))
#55 /Users/izarhairulanam/Downloads/finance-tracker 4/vendor/laravel/framework/src/Illuminate/Pipeline/Pipeline.php(209): Illuminate\\Foundation\\Http\\Middleware\\TrimStrings->handle(Object(Illuminate\\Http\\Request), Object(Closure))
#56 /Users/izarhairulanam/Downloads/finance-tracker 4/vendor/laravel/framework/src/Illuminate/Http/Middleware/ValidatePostSize.php(27): Illuminate\\Pipeline\\Pipeline->{closure:{closure:Illuminate\\Pipeline\\Pipeline::carry():184}:185}(Object(Illuminate\\Http\\Request))
#57 /Users/izarhairulanam/Downloads/finance-tracker 4/vendor/laravel/framework/src/Illuminate/Pipeline/Pipeline.php(209): Illuminate\\Http\\Middleware\\ValidatePostSize->handle(Object(Illuminate\\Http\\Request), Object(Closure))
#58 /Users/izarhairulanam/Downloads/finance-tracker 4/vendor/laravel/framework/src/Illuminate/Foundation/Http/Middleware/PreventRequestsDuringMaintenance.php(110): Illuminate\\Pipeline\\Pipeline->{closure:{closure:Illuminate\\Pipeline\\Pipeline::carry():184}:185}(Object(Illuminate\\Http\\Request))
#59 /Users/izarhairulanam/Downloads/finance-tracker 4/vendor/laravel/framework/src/Illuminate/Pipeline/Pipeline.php(209): Illuminate\\Foundation\\Http\\Middleware\\PreventRequestsDuringMaintenance->handle(Object(Illuminate\\Http\\Request), Object(Closure))
#60 /Users/izarhairulanam/Downloads/finance-tracker 4/vendor/laravel/framework/src/Illuminate/Http/Middleware/HandleCors.php(49): Illuminate\\Pipeline\\Pipeline->{closure:{closure:Illuminate\\Pipeline\\Pipeline::carry():184}:185}(Object(Illuminate\\Http\\Request))
#61 /Users/izarhairulanam/Downloads/finance-tracker 4/vendor/laravel/framework/src/Illuminate/Pipeline/Pipeline.php(209): Illuminate\\Http\\Middleware\\HandleCors->handle(Object(Illuminate\\Http\\Request), Object(Closure))
#62 /Users/izarhairulanam/Downloads/finance-tracker 4/vendor/laravel/framework/src/Illuminate/Http/Middleware/TrustProxies.php(58): Illuminate\\Pipeline\\Pipeline->{closure:{closure:Illuminate\\Pipeline\\Pipeline::carry():184}:185}(Object(Illuminate\\Http\\Request))
#63 /Users/izarhairulanam/Downloads/finance-tracker 4/vendor/laravel/framework/src/Illuminate/Pipeline/Pipeline.php(209): Illuminate\\Http\\Middleware\\TrustProxies->handle(Object(Illuminate\\Http\\Request), Object(Closure))
#64 /Users/izarhairulanam/Downloads/finance-tracker 4/vendor/laravel/framework/src/Illuminate/Foundation/Http/Middleware/InvokeDeferredCallbacks.php(22): Illuminate\\Pipeline\\Pipeline->{closure:{closure:Illuminate\\Pipeline\\Pipeline::carry():184}:185}(Object(Illuminate\\Http\\Request))
#65 /Users/izarhairulanam/Downloads/finance-tracker 4/vendor/laravel/framework/src/Illuminate/Pipeline/Pipeline.php(209): Illuminate\\Foundation\\Http\\Middleware\\InvokeDeferredCallbacks->handle(Object(Illuminate\\Http\\Request), Object(Closure))
#66 /Users/izarhairulanam/Downloads/finance-tracker 4/vendor/laravel/framework/src/Illuminate/Pipeline/Pipeline.php(127): Illuminate\\Pipeline\\Pipeline->{closure:{closure:Illuminate\\Pipeline\\Pipeline::carry():184}:185}(Object(Illuminate\\Http\\Request))
#67 /Users/izarhairulanam/Downloads/finance-tracker 4/vendor/laravel/framework/src/Illuminate/Foundation/Http/Kernel.php(176): Illuminate\\Pipeline\\Pipeline->then(Object(Closure))
#68 /Users/izarhairulanam/Downloads/finance-tracker 4/vendor/laravel/framework/src/Illuminate/Foundation/Http/Kernel.php(145): Illuminate\\Foundation\\Http\\Kernel->sendRequestThroughRouter(Object(Illuminate\\Http\\Request))
#69 /Users/izarhairulanam/Downloads/finance-tracker 4/vendor/laravel/framework/src/Illuminate/Foundation/Application.php(1220): Illuminate\\Foundation\\Http\\Kernel->handle(Object(Illuminate\\Http\\Request))
#70 /Users/izarhairulanam/Downloads/finance-tracker 4/public/index.php(17): Illuminate\\Foundation\\Application->handleRequest(Object(Illuminate\\Http\\Request))
#71 /Users/izarhairulanam/Downloads/finance-tracker 4/vendor/laravel/framework/src/Illuminate/Foundation/resources/server.php(23): require_once('/Users/izarhair...')
#72 {main}

[previous exception] [object] (ErrorException(code: 0): include(/Users/izarhairulanam/Downloads/finance-tracker 4/vendor/composer/../../app/Http/Livewire/Notification.php): Failed to open stream: No such file or directory at /Users/izarhairulanam/Downloads/finance-tracker 4/vendor/composer/ClassLoader.php:576)
[stacktrace]
#0 /Users/izarhairulanam/Downloads/finance-tracker 4/vendor/laravel/framework/src/Illuminate/Foundation/Bootstrap/HandleExceptions.php(258): Illuminate\\Foundation\\Bootstrap\\HandleExceptions->handleError(2, 'include(/Users/...', '/Users/izarhair...', 576)
#1 /Users/izarhairulanam/Downloads/finance-tracker 4/vendor/composer/ClassLoader.php(576): Illuminate\\Foundation\\Bootstrap\\HandleExceptions->{closure:Illuminate\\Foundation\\Bootstrap\\HandleExceptions::forwardsTo():257}(2, 'include(/Users/...', '/Users/izarhair...', 576)
#2 /Users/izarhairulanam/Downloads/finance-tracker 4/vendor/composer/ClassLoader.php(576): include('/Users/izarhair...')
#3 /Users/izarhairulanam/Downloads/finance-tracker 4/vendor/composer/ClassLoader.php(427): {closure:Composer\\Autoload\\ClassLoader::initializeIncludeClosure():575}('/Users/izarhair...')
#4 [internal function]: Composer\\Autoload\\ClassLoader->loadClass('App\\\\Http\\\\Livewi...')
#5 /Users/izarhairulanam/Downloads/finance-tracker 4/vendor/livewire/livewire/src/Mechanisms/ComponentRegistry.php(97): class_exists('\\\\App\\\\Http\\\\Livew...')
#6 /Users/izarhairulanam/Downloads/finance-tracker 4/vendor/livewire/livewire/src/Mechanisms/ComponentRegistry.php(25): Livewire\\Mechanisms\\ComponentRegistry->getNameAndClass('notification')
#7 /Users/izarhairulanam/Downloads/finance-tracker 4/vendor/livewire/livewire/src/LivewireManager.php(58): Livewire\\Mechanisms\\ComponentRegistry->new('notification', NULL)
#8 /Users/izarhairulanam/Downloads/finance-tracker 4/vendor/livewire/livewire/src/Mechanisms/HandleComponents/HandleComponents.php(43): Livewire\\LivewireManager->new('notification')
#9 /Users/izarhairulanam/Downloads/finance-tracker 4/vendor/livewire/livewire/src/LivewireManager.php(73): Livewire\\Mechanisms\\HandleComponents\\HandleComponents->mount('notification', Array, 'lw-136175984-0')
#10 /Users/izarhairulanam/Downloads/finance-tracker 4/storage/framework/views/817d18588b3fa3a002a99e596e1d038f.php(224): Livewire\\LivewireManager->mount('notification', Array, 'lw-136175984-0')
#11 /Users/izarhairulanam/Downloads/finance-tracker 4/vendor/laravel/framework/src/Illuminate/Filesystem/Filesystem.php(123): require('/Users/izarhair...')
#12 /Users/izarhairulanam/Downloads/finance-tracker 4/vendor/laravel/framework/src/Illuminate/Filesystem/Filesystem.php(124): Illuminate\\Filesystem\\Filesystem::{closure:Illuminate\\Filesystem\\Filesystem::getRequire():120}()
#13 /Users/izarhairulanam/Downloads/finance-tracker 4/vendor/laravel/framework/src/Illuminate/View/Engines/PhpEngine.php(58): Illuminate\\Filesystem\\Filesystem->getRequire('/Users/izarhair...', Array)
#14 /Users/izarhairulanam/Downloads/finance-tracker 4/vendor/livewire/livewire/src/Mechanisms/ExtendBlade/ExtendedCompilerEngine.php(22): Illuminate\\View\\Engines\\PhpEngine->evaluatePath('/Users/izarhair...', Array)
#15 /Users/izarhairulanam/Downloads/finance-tracker 4/vendor/laravel/framework/src/Illuminate/View/Engines/CompilerEngine.php(75): Livewire\\Mechanisms\\ExtendBlade\\ExtendedCompilerEngine->evaluatePath('/Users/izarhair...', Array)
#16 /Users/izarhairulanam/Downloads/finance-tracker 4/vendor/livewire/livewire/src/Mechanisms/ExtendBlade/ExtendedCompilerEngine.php(10): Illuminate\\View\\Engines\\CompilerEngine->get('/Users/izarhair...', Array)
#17 /Users/izarhairulanam/Downloads/finance-tracker 4/vendor/laravel/framework/src/Illuminate/View/View.php(209): Livewire\\Mechanisms\\ExtendBlade\\ExtendedCompilerEngine->get('/Users/izarhair...', Array)
#18 /Users/izarhairulanam/Downloads/finance-tracker 4/vendor/laravel/framework/src/Illuminate/View/View.php(192): Illuminate\\View\\View->getContents()
#19 /Users/izarhairulanam/Downloads/finance-tracker 4/vendor/laravel/framework/src/Illuminate/View/View.php(161): Illuminate\\View\\View->renderContents()
#20 /Users/izarhairulanam/Downloads/finance-tracker 4/vendor/laravel/framework/src/Illuminate/View/Concerns/ManagesComponents.php(103): Illuminate\\View\\View->render()
#21 /Users/izarhairulanam/Downloads/finance-tracker 4/storage/framework/views/7e0151e6d654b77c3ff7a445e1fe7b74.php(17): Illuminate\\View\\Factory->renderComponent()
#22 /Users/izarhairulanam/Downloads/finance-tracker 4/vendor/laravel/framework/src/Illuminate/Filesystem/Filesystem.php(123): require('/Users/izarhair...')
#23 /Users/izarhairulanam/Downloads/finance-tracker 4/vendor/laravel/framework/src/Illuminate/Filesystem/Filesystem.php(124): Illuminate\\Filesystem\\Filesystem::{closure:Illuminate\\Filesystem\\Filesystem::getRequire():120}()
#24 /Users/izarhairulanam/Downloads/finance-tracker 4/vendor/laravel/framework/src/Illuminate/View/Engines/PhpEngine.php(58): Illuminate\\Filesystem\\Filesystem->getRequire('/Users/izarhair...', Array)
#25 /Users/izarhairulanam/Downloads/finance-tracker 4/vendor/livewire/livewire/src/Mechanisms/ExtendBlade/ExtendedCompilerEngine.php(22): Illuminate\\View\\Engines\\PhpEngine->evaluatePath('/Users/izarhair...', Array)
#26 /Users/izarhairulanam/Downloads/finance-tracker 4/vendor/laravel/framework/src/Illuminate/View/Engines/CompilerEngine.php(75): Livewire\\Mechanisms\\ExtendBlade\\ExtendedCompilerEngine->evaluatePath('/Users/izarhair...', Array)
#27 /Users/izarhairulanam/Downloads/finance-tracker 4/vendor/livewire/livewire/src/Mechanisms/ExtendBlade/ExtendedCompilerEngine.php(10): Illuminate\\View\\Engines\\CompilerEngine->get('/Users/izarhair...', Array)
#28 /Users/izarhairulanam/Downloads/finance-tracker 4/vendor/laravel/framework/src/Illuminate/View/View.php(209): Livewire\\Mechanisms\\ExtendBlade\\ExtendedCompilerEngine->get('/Users/izarhair...', Array)
#29 /Users/izarhairulanam/Downloads/finance-tracker 4/vendor/laravel/framework/src/Illuminate/View/View.php(192): Illuminate\\View\\View->getContents()
#30 /Users/izarhairulanam/Downloads/finance-tracker 4/vendor/laravel/framework/src/Illuminate/View/View.php(161): Illuminate\\View\\View->renderContents()
#31 /Users/izarhairulanam/Downloads/finance-tracker 4/vendor/laravel/framework/src/Illuminate/View/Compilers/BladeCompiler.php(337): Illuminate\\View\\View->render()
#32 /Users/izarhairulanam/Downloads/finance-tracker 4/vendor/laravel/framework/src/Illuminate/Support/Facades/Facade.php(361): Illuminate\\View\\Compilers\\BladeCompiler::render('    <?php $layo...', Array)
#33 /Users/izarhairulanam/Downloads/finance-tracker 4/vendor/livewire/livewire/src/Features/SupportPageComponents/SupportPageComponents.php(153): Illuminate\\Support\\Facades\\Facade::__callStatic('render', Array)
#34 /Users/izarhairulanam/Downloads/finance-tracker 4/vendor/livewire/livewire/src/Features/SupportPageComponents/HandlesPageComponents.php(24): Livewire\\Features\\SupportPageComponents\\SupportPageComponents::renderContentsIntoLayout('<div wire:snaps...', Object(Livewire\\Features\\SupportPageComponents\\PageComponentConfig))
#35 /Users/izarhairulanam/Downloads/finance-tracker 4/vendor/laravel/framework/src/Illuminate/Routing/ControllerDispatcher.php(47): Livewire\\Component->__invoke()
#36 /Users/izarhairulanam/Downloads/finance-tracker 4/vendor/laravel/framework/src/Illuminate/Routing/Route.php(266): Illuminate\\Routing\\ControllerDispatcher->dispatch(Object(Illuminate\\Routing\\Route), Object(App\\Livewire\\Dashboard), '__invoke')
#37 /Users/izarhairulanam/Downloads/finance-tracker 4/vendor/laravel/framework/src/Illuminate/Routing/Route.php(212): Illuminate\\Routing\\Route->runController()
#38 /Users/izarhairulanam/Downloads/finance-tracker 4/vendor/laravel/framework/src/Illuminate/Routing/Router.php(808): Illuminate\\Routing\\Route->run()
#39 /Users/izarhairulanam/Downloads/finance-tracker 4/vendor/laravel/framework/src/Illuminate/Pipeline/Pipeline.php(170): Illuminate\\Routing\\Router->{closure:Illuminate\\Routing\\Router::runRouteWithinStack():807}(Object(Illuminate\\Http\\Request))
#40 /Users/izarhairulanam/Downloads/finance-tracker 4/vendor/laravel/framework/src/Illuminate/Routing/Middleware/SubstituteBindings.php(51): Illuminate\\Pipeline\\Pipeline->{closure:Illuminate\\Pipeline\\Pipeline::prepareDestination():168}(Object(Illuminate\\Http\\Request))
#41 /Users/izarhairulanam/Downloads/finance-tracker 4/vendor/laravel/framework/src/Illuminate/Pipeline/Pipeline.php(209): Illuminate\\Routing\\Middleware\\SubstituteBindings->handle(Object(Illuminate\\Http\\Request), Object(Closure))
#42 /Users/izarhairulanam/Downloads/finance-tracker 4/vendor/laravel/framework/src/Illuminate/Foundation/Http/Middleware/VerifyCsrfToken.php(88): Illuminate\\Pipeline\\Pipeline->{closure:{closure:Illuminate\\Pipeline\\Pipeline::carry():184}:185}(Object(Illuminate\\Http\\Request))
#43 /Users/izarhairulanam/Downloads/finance-tracker 4/vendor/laravel/framework/src/Illuminate/Pipeline/Pipeline.php(209): Illuminate\\Foundation\\Http\\Middleware\\VerifyCsrfToken->handle(Object(Illuminate\\Http\\Request), Object(Closure))
#44 /Users/izarhairulanam/Downloads/finance-tracker 4/vendor/laravel/framework/src/Illuminate/View/Middleware/ShareErrorsFromSession.php(49): Illuminate\\Pipeline\\Pipeline->{closure:{closure:Illuminate\\Pipeline\\Pipeline::carry():184}:185}(Object(Illuminate\\Http\\Request))
#45 /Users/izarhairulanam/Downloads/finance-tracker 4/vendor/laravel/framework/src/Illuminate/Pipeline/Pipeline.php(209): Illuminate\\View\\Middleware\\ShareErrorsFromSession->handle(Object(Illuminate\\Http\\Request), Object(Closure))
#46 /Users/izarhairulanam/Downloads/finance-tracker 4/vendor/laravel/framework/src/Illuminate/Session/Middleware/StartSession.php(121): Illuminate\\Pipeline\\Pipeline->{closure:{closure:Illuminate\\Pipeline\\Pipeline::carry():184}:185}(Object(Illuminate\\Http\\Request))
#47 /Users/izarhairulanam/Downloads/finance-tracker 4/vendor/laravel/framework/src/Illuminate/Session/Middleware/StartSession.php(64): Illuminate\\Session\\Middleware\\StartSession->handleStatefulRequest(Object(Illuminate\\Http\\Request), Object(Illuminate\\Session\\Store), Object(Closure))
#48 /Users/izarhairulanam/Downloads/finance-tracker 4/vendor/laravel/framework/src/Illuminate/Pipeline/Pipeline.php(209): Illuminate\\Session\\Middleware\\StartSession->handle(Object(Illuminate\\Http\\Request), Object(Closure))
#49 /Users/izarhairulanam/Downloads/finance-tracker 4/vendor/laravel/framework/src/Illuminate/Cookie/Middleware/AddQueuedCookiesToResponse.php(37): Illuminate\\Pipeline\\Pipeline->{closure:{closure:Illuminate\\Pipeline\\Pipeline::carry():184}:185}(Object(Illuminate\\Http\\Request))
#50 /Users/izarhairulanam/Downloads/finance-tracker 4/vendor/laravel/framework/src/Illuminate/Pipeline/Pipeline.php(209): Illuminate\\Cookie\\Middleware\\AddQueuedCookiesToResponse->handle(Object(Illuminate\\Http\\Request), Object(Closure))
#51 /Users/izarhairulanam/Downloads/finance-tracker 4/vendor/laravel/framework/src/Illuminate/Cookie/Middleware/EncryptCookies.php(75): Illuminate\\Pipeline\\Pipeline->{closure:{closure:Illuminate\\Pipeline\\Pipeline::carry():184}:185}(Object(Illuminate\\Http\\Request))
#52 /Users/izarhairulanam/Downloads/finance-tracker 4/vendor/laravel/framework/src/Illuminate/Pipeline/Pipeline.php(209): Illuminate\\Cookie\\Middleware\\EncryptCookies->handle(Object(Illuminate\\Http\\Request), Object(Closure))
#53 /Users/izarhairulanam/Downloads/finance-tracker 4/vendor/laravel/framework/src/Illuminate/Pipeline/Pipeline.php(127): Illuminate\\Pipeline\\Pipeline->{closure:{closure:Illuminate\\Pipeline\\Pipeline::carry():184}:185}(Object(Illuminate\\Http\\Request))
#54 /Users/izarhairulanam/Downloads/finance-tracker 4/vendor/laravel/framework/src/Illuminate/Routing/Router.php(807): Illuminate\\Pipeline\\Pipeline->then(Object(Closure))
#55 /Users/izarhairulanam/Downloads/finance-tracker 4/vendor/laravel/framework/src/Illuminate/Routing/Router.php(786): Illuminate\\Routing\\Router->runRouteWithinStack(Object(Illuminate\\Routing\\Route), Object(Illuminate\\Http\\Request))
#56 /Users/izarhairulanam/Downloads/finance-tracker 4/vendor/laravel/framework/src/Illuminate/Routing/Router.php(750): Illuminate\\Routing\\Router->runRoute(Object(Illuminate\\Http\\Request), Object(Illuminate\\Routing\\Route))
#57 /Users/izarhairulanam/Downloads/finance-tracker 4/vendor/laravel/framework/src/Illuminate/Routing/Router.php(739): Illuminate\\Routing\\Router->dispatchToRoute(Object(Illuminate\\Http\\Request))
#58 /Users/izarhairulanam/Downloads/finance-tracker 4/vendor/laravel/framework/src/Illuminate/Foundation/Http/Kernel.php(201): Illuminate\\Routing\\Router->dispatch(Object(Illuminate\\Http\\Request))
#59 /Users/izarhairulanam/Downloads/finance-tracker 4/vendor/laravel/framework/src/Illuminate/Pipeline/Pipeline.php(170): Illuminate\\Foundation\\Http\\Kernel->{closure:Illuminate\\Foundation\\Http\\Kernel::dispatchToRouter():198}(Object(Illuminate\\Http\\Request))
#60 /Users/izarhairulanam/Downloads/finance-tracker 4/vendor/livewire/livewire/src/Features/SupportDisablingBackButtonCache/DisableBackButtonCacheMiddleware.php(19): Illuminate\\Pipeline\\Pipeline->{closure:Illuminate\\Pipeline\\Pipeline::prepareDestination():168}(Object(Illuminate\\Http\\Request))
#61 /Users/izarhairulanam/Downloads/finance-tracker 4/vendor/laravel/framework/src/Illuminate/Pipeline/Pipeline.php(209): Livewire\\Features\\SupportDisablingBackButtonCache\\DisableBackButtonCacheMiddleware->handle(Object(Illuminate\\Http\\Request), Object(Closure))
#62 /Users/izarhairulanam/Downloads/finance-tracker 4/vendor/laravel/framework/src/Illuminate/Foundation/Http/Middleware/TransformsRequest.php(21): Illuminate\\Pipeline\\Pipeline->{closure:{closure:Illuminate\\Pipeline\\Pipeline::carry():184}:185}(Object(Illuminate\\Http\\Request))
#63 /Users/izarhairulanam/Downloads/finance-tracker 4/vendor/laravel/framework/src/Illuminate/Foundation/Http/Middleware/ConvertEmptyStringsToNull.php(31): Illuminate\\Foundation\\Http\\Middleware\\TransformsRequest->handle(Object(Illuminate\\Http\\Request), Object(Closure))
#64 /Users/izarhairulanam/Downloads/finance-tracker 4/vendor/laravel/framework/src/Illuminate/Pipeline/Pipeline.php(209): Illuminate\\Foundation\\Http\\Middleware\\ConvertEmptyStringsToNull->handle(Object(Illuminate\\Http\\Request), Object(Closure))
#65 /Users/izarhairulanam/Downloads/finance-tracker 4/vendor/laravel/framework/src/Illuminate/Foundation/Http/Middleware/TransformsRequest.php(21): Illuminate\\Pipeline\\Pipeline->{closure:{closure:Illuminate\\Pipeline\\Pipeline::carry():184}:185}(Object(Illuminate\\Http\\Request))
#66 /Users/izarhairulanam/Downloads/finance-tracker 4/vendor/laravel/framework/src/Illuminate/Foundation/Http/Middleware/TrimStrings.php(51): Illuminate\\Foundation\\Http\\Middleware\\TransformsRequest->handle(Object(Illuminate\\Http\\Request), Object(Closure))
#67 /Users/izarhairulanam/Downloads/finance-tracker 4/vendor/laravel/framework/src/Illuminate/Pipeline/Pipeline.php(209): Illuminate\\Foundation\\Http\\Middleware\\TrimStrings->handle(Object(Illuminate\\Http\\Request), Object(Closure))
#68 /Users/izarhairulanam/Downloads/finance-tracker 4/vendor/laravel/framework/src/Illuminate/Http/Middleware/ValidatePostSize.php(27): Illuminate\\Pipeline\\Pipeline->{closure:{closure:Illuminate\\Pipeline\\Pipeline::carry():184}:185}(Object(Illuminate\\Http\\Request))
#69 /Users/izarhairulanam/Downloads/finance-tracker 4/vendor/laravel/framework/src/Illuminate/Pipeline/Pipeline.php(209): Illuminate\\Http\\Middleware\\ValidatePostSize->handle(Object(Illuminate\\Http\\Request), Object(Closure))
#70 /Users/izarhairulanam/Downloads/finance-tracker 4/vendor/laravel/framework/src/Illuminate/Foundation/Http/Middleware/PreventRequestsDuringMaintenance.php(110): Illuminate\\Pipeline\\Pipeline->{closure:{closure:Illuminate\\Pipeline\\Pipeline::carry():184}:185}(Object(Illuminate\\Http\\Request))
#71 /Users/izarhairulanam/Downloads/finance-tracker 4/vendor/laravel/framework/src/Illuminate/Pipeline/Pipeline.php(209): Illuminate\\Foundation\\Http\\Middleware\\PreventRequestsDuringMaintenance->handle(Object(Illuminate\\Http\\Request), Object(Closure))
#72 /Users/izarhairulanam/Downloads/finance-tracker 4/vendor/laravel/framework/src/Illuminate/Http/Middleware/HandleCors.php(49): Illuminate\\Pipeline\\Pipeline->{closure:{closure:Illuminate\\Pipeline\\Pipeline::carry():184}:185}(Object(Illuminate\\Http\\Request))
#73 /Users/izarhairulanam/Downloads/finance-tracker 4/vendor/laravel/framework/src/Illuminate/Pipeline/Pipeline.php(209): Illuminate\\Http\\Middleware\\HandleCors->handle(Object(Illuminate\\Http\\Request), Object(Closure))
#74 /Users/izarhairulanam/Downloads/finance-tracker 4/vendor/laravel/framework/src/Illuminate/Http/Middleware/TrustProxies.php(58): Illuminate\\Pipeline\\Pipeline->{closure:{closure:Illuminate\\Pipeline\\Pipeline::carry():184}:185}(Object(Illuminate\\Http\\Request))
#75 /Users/izarhairulanam/Downloads/finance-tracker 4/vendor/laravel/framework/src/Illuminate/Pipeline/Pipeline.php(209): Illuminate\\Http\\Middleware\\TrustProxies->handle(Object(Illuminate\\Http\\Request), Object(Closure))
#76 /Users/izarhairulanam/Downloads/finance-tracker 4/vendor/laravel/framework/src/Illuminate/Foundation/Http/Middleware/InvokeDeferredCallbacks.php(22): Illuminate\\Pipeline\\Pipeline->{closure:{closure:Illuminate\\Pipeline\\Pipeline::carry():184}:185}(Object(Illuminate\\Http\\Request))
#77 /Users/izarhairulanam/Downloads/finance-tracker 4/vendor/laravel/framework/src/Illuminate/Pipeline/Pipeline.php(209): Illuminate\\Foundation\\Http\\Middleware\\InvokeDeferredCallbacks->handle(Object(Illuminate\\Http\\Request), Object(Closure))
#78 /Users/izarhairulanam/Downloads/finance-tracker 4/vendor/laravel/framework/src/Illuminate/Pipeline/Pipeline.php(127): Illuminate\\Pipeline\\Pipeline->{closure:{closure:Illuminate\\Pipeline\\Pipeline::carry():184}:185}(Object(Illuminate\\Http\\Request))
#79 /Users/izarhairulanam/Downloads/finance-tracker 4/vendor/laravel/framework/src/Illuminate/Foundation/Http/Kernel.php(176): Illuminate\\Pipeline\\Pipeline->then(Object(Closure))
#80 /Users/izarhairulanam/Downloads/finance-tracker 4/vendor/laravel/framework/src/Illuminate/Foundation/Http/Kernel.php(145): Illuminate\\Foundation\\Http\\Kernel->sendRequestThroughRouter(Object(Illuminate\\Http\\Request))
#81 /Users/izarhairulanam/Downloads/finance-tracker 4/vendor/laravel/framework/src/Illuminate/Foundation/Application.php(1220): Illuminate\\Foundation\\Http\\Kernel->handle(Object(Illuminate\\Http\\Request))
#82 /Users/izarhairulanam/Downloads/finance-tracker 4/public/index.php(17): Illuminate\\Foundation\\Application->handleRequest(Object(Illuminate\\Http\\Request))
#83 /Users/izarhairulanam/Downloads/finance-tracker 4/vendor/laravel/framework/src/Illuminate/Foundation/resources/server.php(23): require_once('/Users/izarhair...')
#84 {main}
"} 
[2026-05-13 17:01:22] local.ERROR: Unable to find component: [notification] {"exception":"[object] (Livewire\\Exceptions\\ComponentNotFoundException(code: 0): Unable to find component: [notification] at /Users/izarhairulanam/Downloads/finance-tracker 4/vendor/livewire/livewire/src/Mechanisms/ComponentRegistry.php:116)
[stacktrace]
#0 /Users/izarhairulanam/Downloads/finance-tracker 4/vendor/livewire/livewire/src/Mechanisms/ComponentRegistry.php(25): Livewire\\Mechanisms\\ComponentRegistry->getNameAndClass('notification')
#1 /Users/izarhairulanam/Downloads/finance-tracker 4/vendor/livewire/livewire/src/LivewireManager.php(58): Livewire\\Mechanisms\\ComponentRegistry->new('notification', NULL)
#2 /Users/izarhairulanam/Downloads/finance-tracker 4/vendor/livewire/livewire/src/Mechanisms/HandleComponents/HandleComponents.php(43): Livewire\\LivewireManager->new('notification')
#3 /Users/izarhairulanam/Downloads/finance-tracker 4/vendor/livewire/livewire/src/LivewireManager.php(73): Livewire\\Mechanisms\\HandleComponents\\HandleComponents->mount('notification', Array, 'lw-136175984-0')
#4 /Users/izarhairulanam/Downloads/finance-tracker 4/storage/framework/views/817d18588b3fa3a002a99e596e1d038f.php(224): Livewire\\LivewireManager->mount('notification', Array, 'lw-136175984-0')
#5 /Users/izarhairulanam/Downloads/finance-tracker 4/vendor/laravel/framework/src/Illuminate/Filesystem/Filesystem.php(123): require('/Users/izarhair...')
#6 /Users/izarhairulanam/Downloads/finance-tracker 4/vendor/laravel/framework/src/Illuminate/Filesystem/Filesystem.php(124): Illuminate\\Filesystem\\Filesystem::{closure:Illuminate\\Filesystem\\Filesystem::getRequire():120}()
#7 /Users/izarhairulanam/Downloads/finance-tracker 4/vendor/laravel/framework/src/Illuminate/View/Engines/PhpEngine.php(58): Illuminate\\Filesystem\\Filesystem->getRequire('/Users/izarhair...', Array)
#8 /Users/izarhairulanam/Downloads/finance-tracker 4/vendor/livewire/livewire/src/Mechanisms/ExtendBlade/ExtendedCompilerEngine.php(22): Illuminate\\View\\Engines\\PhpEngine->evaluatePath('/Users/izarhair...', Array)
#9 /Users/izarhairulanam/Downloads/finance-tracker 4/vendor/laravel/framework/src/Illuminate/View/Engines/CompilerEngine.php(75): Livewire\\Mechanisms\\ExtendBlade\\ExtendedCompilerEngine->evaluatePath('/Users/izarhair...', Array)
#10 /Users/izarhairulanam/Downloads/finance-tracker 4/vendor/livewire/livewire/src/Mechanisms/ExtendBlade/ExtendedCompilerEngine.php(10): Illuminate\\View\\Engines\\CompilerEngine->get('/Users/izarhair...', Array)
#11 /Users/izarhairulanam/Downloads/finance-tracker 4/vendor/laravel/framework/src/Illuminate/View/View.php(209): Livewire\\Mechanisms\\ExtendBlade\\ExtendedCompilerEngine->get('/Users/izarhair...', Array)
#12 /Users/izarhairulanam/Downloads/finance-tracker 4/vendor/laravel/framework/src/Illuminate/View/View.php(192): Illuminate\\View\\View->getContents()
#13 /Users/izarhairulanam/Downloads/finance-tracker 4/vendor/laravel/framework/src/Illuminate/View/View.php(161): Illuminate\\View\\View->renderContents()
#14 /Users/izarhairulanam/Downloads/finance-tracker 4/vendor/laravel/framework/src/Illuminate/View/Concerns/ManagesComponents.php(103): Illuminate\\View\\View->render()
#15 /Users/izarhairulanam/Downloads/finance-tracker 4/storage/framework/views/7e0151e6d654b77c3ff7a445e1fe7b74.php(17): Illuminate\\View\\Factory->renderComponent()
#16 /Users/izarhairulanam/Downloads/finance-tracker 4/vendor/laravel/framework/src/Illuminate/Filesystem/Filesystem.php(123): require('/Users/izarhair...')
#17 /Users/izarhairulanam/Downloads/finance-tracker 4/vendor/laravel/framework/src/Illuminate/Filesystem/Filesystem.php(124): Illuminate\\Filesystem\\Filesystem::{closure:Illuminate\\Filesystem\\Filesystem::getRequire():120}()
#18 /Users/izarhairulanam/Downloads/finance-tracker 4/vendor/laravel/framework/src/Illuminate/View/Engines/PhpEngine.php(58): Illuminate\\Filesystem\\Filesystem->getRequire('/Users/izarhair...', Array)
#19 /Users/izarhairulanam/Downloads/finance-tracker 4/vendor/livewire/livewire/src/Mechanisms/ExtendBlade/ExtendedCompilerEngine.php(22): Illuminate\\View\\Engines\\PhpEngine->evaluatePath('/Users/izarhair...', Array)
#20 /Users/izarhairulanam/Downloads/finance-tracker 4/vendor/laravel/framework/src/Illuminate/View/Engines/CompilerEngine.php(75): Livewire\\Mechanisms\\ExtendBlade\\ExtendedCompilerEngine->evaluatePath('/Users/izarhair...', Array)
#21 /Users/izarhairulanam/Downloads/finance-tracker 4/vendor/livewire/livewire/src/Mechanisms/ExtendBlade/ExtendedCompilerEngine.php(10): Illuminate\\View\\Engines\\CompilerEngine->get('/Users/izarhair...', Array)
#22 /Users/izarhairulanam/Downloads/finance-tracker 4/vendor/laravel/framework/src/Illuminate/View/View.php(209): Livewire\\Mechanisms\\ExtendBlade\\ExtendedCompilerEngine->get('/Users/izarhair...', Array)
#23 /Users/izarhairulanam/Downloads/finance-tracker 4/vendor/laravel/framework/src/Illuminate/View/View.php(192): Illuminate\\View\\View->getContents()
#24 /Users/izarhairulanam/Downloads/finance-tracker 4/vendor/laravel/framework/src/Illuminate/View/View.php(161): Illuminate\\View\\View->renderContents()
#25 /Users/izarhairulanam/Downloads/finance-tracker 4/vendor/laravel/framework/src/Illuminate/View/Compilers/BladeCompiler.php(337): Illuminate\\View\\View->render()
#26 /Users/izarhairulanam/Downloads/finance-tracker 4/vendor/laravel/framework/src/Illuminate/Support/Facades/Facade.php(361): Illuminate\\View\\Compilers\\BladeCompiler::render('    <?php $layo...', Array)
#27 /Users/izarhairulanam/Downloads/finance-tracker 4/vendor/livewire/livewire/src/Features/SupportPageComponents/SupportPageComponents.php(153): Illuminate\\Support\\Facades\\Facade::__callStatic('render', Array)
#28 /Users/izarhairulanam/Downloads/finance-tracker 4/vendor/livewire/livewire/src/Features/SupportPageComponents/HandlesPageComponents.php(24): Livewire\\Features\\SupportPageComponents\\SupportPageComponents::renderContentsIntoLayout('<div wire:snaps...', Object(Livewire\\Features\\SupportPageComponents\\PageComponentConfig))
#29 /Users/izarhairulanam/Downloads/finance-tracker 4/vendor/laravel/framework/src/Illuminate/Routing/ControllerDispatcher.php(47): Livewire\\Component->__invoke()
#30 /Users/izarhairulanam/Downloads/finance-tracker 4/vendor/laravel/framework/src/Illuminate/Routing/Route.php(266): Illuminate\\Routing\\ControllerDispatcher->dispatch(Object(Illuminate\\Routing\\Route), Object(App\\Livewire\\Dashboard), '__invoke')
#31 /Users/izarhairulanam/Downloads/finance-tracker 4/vendor/laravel/framework/src/Illuminate/Routing/Route.php(212): Illuminate\\Routing\\Route->runController()
#32 /Users/izarhairulanam/Downloads/finance-tracker 4/vendor/laravel/framework/src/Illuminate/Routing/Router.php(808): Illuminate\\Routing\\Route->run()
#33 /Users/izarhairulanam/Downloads/finance-tracker 4/vendor/laravel/framework/src/Illuminate/Pipeline/Pipeline.php(170): Illuminate\\Routing\\Router->{closure:Illuminate\\Routing\\Router::runRouteWithinStack():807}(Object(Illuminate\\Http\\Request))
#34 /Users/izarhairulanam/Downloads/finance-tracker 4/vendor/laravel/framework/src/Illuminate/Routing/Middleware/SubstituteBindings.php(51): Illuminate\\Pipeline\\Pipeline->{closure:Illuminate\\Pipeline\\Pipeline::prepareDestination():168}(Object(Illuminate\\Http\\Request))
#35 /Users/izarhairulanam/Downloads/finance-tracker 4/vendor/laravel/framework/src/Illuminate/Pipeline/Pipeline.php(209): Illuminate\\Routing\\Middleware\\SubstituteBindings->handle(Object(Illuminate\\Http\\Request), Object(Closure))
#36 /Users/izarhairulanam/Downloads/finance-tracker 4/vendor/laravel/framework/src/Illuminate/Foundation/Http/Middleware/VerifyCsrfToken.php(88): Illuminate\\Pipeline\\Pipeline->{closure:{closure:Illuminate\\Pipeline\\Pipeline::carry():184}:185}(Object(Illuminate\\Http\\Request))
#37 /Users/izarhairulanam/Downloads/finance-tracker 4/vendor/laravel/framework/src/Illuminate/Pipeline/Pipeline.php(209): Illuminate\\Foundation\\Http\\Middleware\\VerifyCsrfToken->handle(Object(Illuminate\\Http\\Request), Object(Closure))
#38 /Users/izarhairulanam/Downloads/finance-tracker 4/vendor/laravel/framework/src/Illuminate/View/Middleware/ShareErrorsFromSession.php(49): Illuminate\\Pipeline\\Pipeline->{closure:{closure:Illuminate\\Pipeline\\Pipeline::carry():184}:185}(Object(Illuminate\\Http\\Request))
#39 /Users/izarhairulanam/Downloads/finance-tracker 4/vendor/laravel/framework/src/Illuminate/Pipeline/Pipeline.php(209): Illuminate\\View\\Middleware\\ShareErrorsFromSession->handle(Object(Illuminate\\Http\\Request), Object(Closure))
#40 /Users/izarhairulanam/Downloads/finance-tracker 4/vendor/laravel/framework/src/Illuminate/Session/Middleware/StartSession.php(121): Illuminate\\Pipeline\\Pipeline->{closure:{closure:Illuminate\\Pipeline\\Pipeline::carry():184}:185}(Object(Illuminate\\Http\\Request))
#41 /Users/izarhairulanam/Downloads/finance-tracker 4/vendor/laravel/framework/src/Illuminate/Session/Middleware/StartSession.php(64): Illuminate\\Session\\Middleware\\StartSession->handleStatefulRequest(Object(Illuminate\\Http\\Request), Object(Illuminate\\Session\\Store), Object(Closure))
#42 /Users/izarhairulanam/Downloads/finance-tracker 4/vendor/laravel/framework/src/Illuminate/Pipeline/Pipeline.php(209): Illuminate\\Session\\Middleware\\StartSession->handle(Object(Illuminate\\Http\\Request), Object(Closure))
#43 /Users/izarhairulanam/Downloads/finance-tracker 4/vendor/laravel/framework/src/Illuminate/Cookie/Middleware/AddQueuedCookiesToResponse.php(37): Illuminate\\Pipeline\\Pipeline->{closure:{closure:Illuminate\\Pipeline\\Pipeline::carry():184}:185}(Object(Illuminate\\Http\\Request))
#44 /Users/izarhairulanam/Downloads/finance-tracker 4/vendor/laravel/framework/src/Illuminate/Pipeline/Pipeline.php(209): Illuminate\\Cookie\\Middleware\\AddQueuedCookiesToResponse->handle(Object(Illuminate\\Http\\Request), Object(Closure))
#45 /Users/izarhairulanam/Downloads/finance-tracker 4/vendor/laravel/framework/src/Illuminate/Cookie/Middleware/EncryptCookies.php(75): Illuminate\\Pipeline\\Pipeline->{closure:{closure:Illuminate\\Pipeline\\Pipeline::carry():184}:185}(Object(Illuminate\\Http\\Request))
#46 /Users/izarhairulanam/Downloads/finance-tracker 4/vendor/laravel/framework/src/Illuminate/Pipeline/Pipeline.php(209): Illuminate\\Cookie\\Middleware\\EncryptCookies->handle(Object(Illuminate\\Http\\Request), Object(Closure))
#47 /Users/izarhairulanam/Downloads/finance-tracker 4/vendor/laravel/framework/src/Illuminate/Pipeline/Pipeline.php(127): Illuminate\\Pipeline\\Pipeline->{closure:{closure:Illuminate\\Pipeline\\Pipeline::carry():184}:185}(Object(Illuminate\\Http\\Request))
#48 /Users/izarhairulanam/Downloads/finance-tracker 4/vendor/laravel/framework/src/Illuminate/Routing/Router.php(807): Illuminate\\Pipeline\\Pipeline->then(Object(Closure))
#49 /Users/izarhairulanam/Downloads/finance-tracker 4/vendor/laravel/framework/src/Illuminate/Routing/Router.php(786): Illuminate\\Routing\\Router->runRouteWithinStack(Object(Illuminate\\Routing\\Route), Object(Illuminate\\Http\\Request))
#50 /Users/izarhairulanam/Downloads/finance-tracker 4/vendor/laravel/framework/src/Illuminate/Routing/Router.php(750): Illuminate\\Routing\\Router->runRoute(Object(Illuminate\\Http\\Request), Object(Illuminate\\Routing\\Route))
#51 /Users/izarhairulanam/Downloads/finance-tracker 4/vendor/laravel/framework/src/Illuminate/Routing/Router.php(739): Illuminate\\Routing\\Router->dispatchToRoute(Object(Illuminate\\Http\\Request))
#52 /Users/izarhairulanam/Downloads/finance-tracker 4/vendor/laravel/framework/src/Illuminate/Foundation/Http/Kernel.php(201): Illuminate\\Routing\\Router->dispatch(Object(Illuminate\\Http\\Request))
#53 /Users/izarhairulanam/Downloads/finance-tracker 4/vendor/laravel/framework/src/Illuminate/Pipeline/Pipeline.php(170): Illuminate\\Foundation\\Http\\Kernel->{closure:Illuminate\\Foundation\\Http\\Kernel::dispatchToRouter():198}(Object(Illuminate\\Http\\Request))
#54 /Users/izarhairulanam/Downloads/finance-tracker 4/vendor/livewire/livewire/src/Features/SupportDisablingBackButtonCache/DisableBackButtonCacheMiddleware.php(19): Illuminate\\Pipeline\\Pipeline->{closure:Illuminate\\Pipeline\\Pipeline::prepareDestination():168}(Object(Illuminate\\Http\\Request))
#55 /Users/izarhairulanam/Downloads/finance-tracker 4/vendor/laravel/framework/src/Illuminate/Pipeline/Pipeline.php(209): Livewire\\Features\\SupportDisablingBackButtonCache\\DisableBackButtonCacheMiddleware->handle(Object(Illuminate\\Http\\Request), Object(Closure))
#56 /Users/izarhairulanam/Downloads/finance-tracker 4/vendor/laravel/framework/src/Illuminate/Foundation/Http/Middleware/TransformsRequest.php(21): Illuminate\\Pipeline\\Pipeline->{closure:{closure:Illuminate\\Pipeline\\Pipeline::carry():184}:185}(Object(Illuminate\\Http\\Request))
#57 /Users/izarhairulanam/Downloads/finance-tracker 4/vendor/laravel/framework/src/Illuminate/Foundation/Http/Middleware/ConvertEmptyStringsToNull.php(31): Illuminate\\Foundation\\Http\\Middleware\\TransformsRequest->handle(Object(Illuminate\\Http\\Request), Object(Closure))
#58 /Users/izarhairulanam/Downloads/finance-tracker 4/vendor/laravel/framework/src/Illuminate/Pipeline/Pipeline.php(209): Illuminate\\Foundation\\Http\\Middleware\\ConvertEmptyStringsToNull->handle(Object(Illuminate\\Http\\Request), Object(Closure))
#59 /Users/izarhairulanam/Downloads/finance-tracker 4/vendor/laravel/framework/src/Illuminate/Foundation/Http/Middleware/TransformsRequest.php(21): Illuminate\\Pipeline\\Pipeline->{closure:{closure:Illuminate\\Pipeline\\Pipeline::carry():184}:185}(Object(Illuminate\\Http\\Request))
#60 /Users/izarhairulanam/Downloads/finance-tracker 4/vendor/laravel/framework/src/Illuminate/Foundation/Http/Middleware/TrimStrings.php(51): Illuminate\\Foundation\\Http\\Middleware\\TransformsRequest->handle(Object(Illuminate\\Http\\Request), Object(Closure))
#61 /Users/izarhairulanam/Downloads/finance-tracker 4/vendor/laravel/framework/src/Illuminate/Pipeline/Pipeline.php(209): Illuminate\\Foundation\\Http\\Middleware\\TrimStrings->handle(Object(Illuminate\\Http\\Request), Object(Closure))
#62 /Users/izarhairulanam/Downloads/finance-tracker 4/vendor/laravel/framework/src/Illuminate/Http/Middleware/ValidatePostSize.php(27): Illuminate\\Pipeline\\Pipeline->{closure:{closure:Illuminate\\Pipeline\\Pipeline::carry():184}:185}(Object(Illuminate\\Http\\Request))
#63 /Users/izarhairulanam/Downloads/finance-tracker 4/vendor/laravel/framework/src/Illuminate/Pipeline/Pipeline.php(209): Illuminate\\Http\\Middleware\\ValidatePostSize->handle(Object(Illuminate\\Http\\Request), Object(Closure))
#64 /Users/izarhairulanam/Downloads/finance-tracker 4/vendor/laravel/framework/src/Illuminate/Foundation/Http/Middleware/PreventRequestsDuringMaintenance.php(110): Illuminate\\Pipeline\\Pipeline->{closure:{closure:Illuminate\\Pipeline\\Pipeline::carry():184}:185}(Object(Illuminate\\Http\\Request))
#65 /Users/izarhairulanam/Downloads/finance-tracker 4/vendor/laravel/framework/src/Illuminate/Pipeline/Pipeline.php(209): Illuminate\\Foundation\\Http\\Middleware\\PreventRequestsDuringMaintenance->handle(Object(Illuminate\\Http\\Request), Object(Closure))
#66 /Users/izarhairulanam/Downloads/finance-tracker 4/vendor/laravel/framework/src/Illuminate/Http/Middleware/HandleCors.php(49): Illuminate\\Pipeline\\Pipeline->{closure:{closure:Illuminate\\Pipeline\\Pipeline::carry():184}:185}(Object(Illuminate\\Http\\Request))
#67 /Users/izarhairulanam/Downloads/finance-tracker 4/vendor/laravel/framework/src/Illuminate/Pipeline/Pipeline.php(209): Illuminate\\Http\\Middleware\\HandleCors->handle(Object(Illuminate\\Http\\Request), Object(Closure))
#68 /Users/izarhairulanam/Downloads/finance-tracker 4/vendor/laravel/framework/src/Illuminate/Http/Middleware/TrustProxies.php(58): Illuminate\\Pipeline\\Pipeline->{closure:{closure:Illuminate\\Pipeline\\Pipeline::carry():184}:185}(Object(Illuminate\\Http\\Request))
#69 /Users/izarhairulanam/Downloads/finance-tracker 4/vendor/laravel/framework/src/Illuminate/Pipeline/Pipeline.php(209): Illuminate\\Http\\Middleware\\TrustProxies->handle(Object(Illuminate\\Http\\Request), Object(Closure))
#70 /Users/izarhairulanam/Downloads/finance-tracker 4/vendor/laravel/framework/src/Illuminate/Foundation/Http/Middleware/InvokeDeferredCallbacks.php(22): Illuminate\\Pipeline\\Pipeline->{closure:{closure:Illuminate\\Pipeline\\Pipeline::carry():184}:185}(Object(Illuminate\\Http\\Request))
#71 /Users/izarhairulanam/Downloads/finance-tracker 4/vendor/laravel/framework/src/Illuminate/Pipeline/Pipeline.php(209): Illuminate\\Foundation\\Http\\Middleware\\InvokeDeferredCallbacks->handle(Object(Illuminate\\Http\\Request), Object(Closure))
#72 /Users/izarhairulanam/Downloads/finance-tracker 4/vendor/laravel/framework/src/Illuminate/Pipeline/Pipeline.php(127): Illuminate\\Pipeline\\Pipeline->{closure:{closure:Illuminate\\Pipeline\\Pipeline::carry():184}:185}(Object(Illuminate\\Http\\Request))
#73 /Users/izarhairulanam/Downloads/finance-tracker 4/vendor/laravel/framework/src/Illuminate/Foundation/Http/Kernel.php(176): Illuminate\\Pipeline\\Pipeline->then(Object(Closure))
#74 /Users/izarhairulanam/Downloads/finance-tracker 4/vendor/laravel/framework/src/Illuminate/Foundation/Http/Kernel.php(145): Illuminate\\Foundation\\Http\\Kernel->sendRequestThroughRouter(Object(Illuminate\\Http\\Request))
#75 /Users/izarhairulanam/Downloads/finance-tracker 4/vendor/laravel/framework/src/Illuminate/Foundation/Application.php(1220): Illuminate\\Foundation\\Http\\Kernel->handle(Object(Illuminate\\Http\\Request))
#76 /Users/izarhairulanam/Downloads/finance-tracker 4/public/index.php(17): Illuminate\\Foundation\\Application->handleRequest(Object(Illuminate\\Http\\Request))
#77 /Users/izarhairulanam/Downloads/finance-tracker 4/vendor/laravel/framework/src/Illuminate/Foundation/resources/server.php(23): require_once('/Users/izarhair...')
#78 {main}
"} 
[2026-05-13 17:06:45] local.ERROR: Unable to find component: [notification] {"exception":"[object] (Livewire\\Exceptions\\ComponentNotFoundException(code: 0): Unable to find component: [notification] at /Users/izarhairulanam/Downloads/finance-tracker 4/vendor/livewire/livewire/src/Mechanisms/ComponentRegistry.php:116)
[stacktrace]
#0 /Users/izarhairulanam/Downloads/finance-tracker 4/vendor/livewire/livewire/src/Mechanisms/ComponentRegistry.php(25): Livewire\\Mechanisms\\ComponentRegistry->getNameAndClass('notification')
#1 /Users/izarhairulanam/Downloads/finance-tracker 4/vendor/livewire/livewire/src/LivewireManager.php(58): Livewire\\Mechanisms\\ComponentRegistry->new('notification', NULL)
#2 /Users/izarhairulanam/Downloads/finance-tracker 4/vendor/livewire/livewire/src/Mechanisms/HandleComponents/HandleComponents.php(43): Livewire\\LivewireManager->new('notification')
#3 /Users/izarhairulanam/Downloads/finance-tracker 4/vendor/livewire/livewire/src/LivewireManager.php(73): Livewire\\Mechanisms\\HandleComponents\\HandleComponents->mount('notification', Array, 'lw-136175984-0')
#4 /Users/izarhairulanam/Downloads/finance-tracker 4/storage/framework/views/817d18588b3fa3a002a99e596e1d038f.php(224): Livewire\\LivewireManager->mount('notification', Array, 'lw-136175984-0')
#5 /Users/izarhairulanam/Downloads/finance-tracker 4/vendor/laravel/framework/src/Illuminate/Filesystem/Filesystem.php(123): require('/Users/izarhair...')
#6 /Users/izarhairulanam/Downloads/finance-tracker 4/vendor/laravel/framework/src/Illuminate/Filesystem/Filesystem.php(124): Illuminate\\Filesystem\\Filesystem::{closure:Illuminate\\Filesystem\\Filesystem::getRequire():120}()
#7 /Users/izarhairulanam/Downloads/finance-tracker 4/vendor/laravel/framework/src/Illuminate/View/Engines/PhpEngine.php(58): Illuminate\\Filesystem\\Filesystem->getRequire('/Users/izarhair...', Array)
#8 /Users/izarhairulanam/Downloads/finance-tracker 4/vendor/livewire/livewire/src/Mechanisms/ExtendBlade/ExtendedCompilerEngine.php(22): Illuminate\\View\\Engines\\PhpEngine->evaluatePath('/Users/izarhair...', Array)
#9 /Users/izarhairulanam/Downloads/finance-tracker 4/vendor/laravel/framework/src/Illuminate/View/Engines/CompilerEngine.php(75): Livewire\\Mechanisms\\ExtendBlade\\ExtendedCompilerEngine->evaluatePath('/Users/izarhair...', Array)
#10 /Users/izarhairulanam/Downloads/finance-tracker 4/vendor/livewire/livewire/src/Mechanisms/ExtendBlade/ExtendedCompilerEngine.php(10): Illuminate\\View\\Engines\\CompilerEngine->get('/Users/izarhair...', Array)
#11 /Users/izarhairulanam/Downloads/finance-tracker 4/vendor/laravel/framework/src/Illuminate/View/View.php(209): Livewire\\Mechanisms\\ExtendBlade\\ExtendedCompilerEngine->get('/Users/izarhair...', Array)
#12 /Users/izarhairulanam/Downloads/finance-tracker 4/vendor/laravel/framework/src/Illuminate/View/View.php(192): Illuminate\\View\\View->getContents()
#13 /Users/izarhairulanam/Downloads/finance-tracker 4/vendor/laravel/framework/src/Illuminate/View/View.php(161): Illuminate\\View\\View->renderContents()
#14 /Users/izarhairulanam/Downloads/finance-tracker 4/vendor/laravel/framework/src/Illuminate/View/Concerns/ManagesComponents.php(103): Illuminate\\View\\View->render()
#15 /Users/izarhairulanam/Downloads/finance-tracker 4/storage/framework/views/7e0151e6d654b77c3ff7a445e1fe7b74.php(17): Illuminate\\View\\Factory->renderComponent()
#16 /Users/izarhairulanam/Downloads/finance-tracker 4/vendor/laravel/framework/src/Illuminate/Filesystem/Filesystem.php(123): require('/Users/izarhair...')
#17 /Users/izarhairulanam/Downloads/finance-tracker 4/vendor/laravel/framework/src/Illuminate/Filesystem/Filesystem.php(124): Illuminate\\Filesystem\\Filesystem::{closure:Illuminate\\Filesystem\\Filesystem::getRequire():120}()
#18 /Users/izarhairulanam/Downloads/finance-tracker 4/vendor/laravel/framework/src/Illuminate/View/Engines/PhpEngine.php(58): Illuminate\\Filesystem\\Filesystem->getRequire('/Users/izarhair...', Array)
#19 /Users/izarhairulanam/Downloads/finance-tracker 4/vendor/livewire/livewire/src/Mechanisms/ExtendBlade/ExtendedCompilerEngine.php(22): Illuminate\\View\\Engines\\PhpEngine->evaluatePath('/Users/izarhair...', Array)
#20 /Users/izarhairulanam/Downloads/finance-tracker 4/vendor/laravel/framework/src/Illuminate/View/Engines/CompilerEngine.php(75): Livewire\\Mechanisms\\ExtendBlade\\ExtendedCompilerEngine->evaluatePath('/Users/izarhair...', Array)
#21 /Users/izarhairulanam/Downloads/finance-tracker 4/vendor/livewire/livewire/src/Mechanisms/ExtendBlade/ExtendedCompilerEngine.php(10): Illuminate\\View\\Engines\\CompilerEngine->get('/Users/izarhair...', Array)
#22 /Users/izarhairulanam/Downloads/finance-tracker 4/vendor/laravel/framework/src/Illuminate/View/View.php(209): Livewire\\Mechanisms\\ExtendBlade\\ExtendedCompilerEngine->get('/Users/izarhair...', Array)
#23 /Users/izarhairulanam/Downloads/finance-tracker 4/vendor/laravel/framework/src/Illuminate/View/View.php(192): Illuminate\\View\\View->getContents()
#24 /Users/izarhairulanam/Downloads/finance-tracker 4/vendor/laravel/framework/src/Illuminate/View/View.php(161): Illuminate\\View\\View->renderContents()
#25 /Users/izarhairulanam/Downloads/finance-tracker 4/vendor/laravel/framework/src/Illuminate/View/Compilers/BladeCompiler.php(337): Illuminate\\View\\View->render()
#26 /Users/izarhairulanam/Downloads/finance-tracker 4/vendor/laravel/framework/src/Illuminate/Support/Facades/Facade.php(361): Illuminate\\View\\Compilers\\BladeCompiler::render('    <?php $layo...', Array)
#27 /Users/izarhairulanam/Downloads/finance-tracker 4/vendor/livewire/livewire/src/Features/SupportPageComponents/SupportPageComponents.php(153): Illuminate\\Support\\Facades\\Facade::__callStatic('render', Array)
#28 /Users/izarhairulanam/Downloads/finance-tracker 4/vendor/livewire/livewire/src/Features/SupportPageComponents/HandlesPageComponents.php(24): Livewire\\Features\\SupportPageComponents\\SupportPageComponents::renderContentsIntoLayout('<div wire:snaps...', Object(Livewire\\Features\\SupportPageComponents\\PageComponentConfig))
#29 /Users/izarhairulanam/Downloads/finance-tracker 4/vendor/laravel/framework/src/Illuminate/Routing/ControllerDispatcher.php(47): Livewire\\Component->__invoke()
#30 /Users/izarhairulanam/Downloads/finance-tracker 4/vendor/laravel/framework/src/Illuminate/Routing/Route.php(266): Illuminate\\Routing\\ControllerDispatcher->dispatch(Object(Illuminate\\Routing\\Route), Object(App\\Livewire\\Dashboard), '__invoke')
#31 /Users/izarhairulanam/Downloads/finance-tracker 4/vendor/laravel/framework/src/Illuminate/Routing/Route.php(212): Illuminate\\Routing\\Route->runController()
#32 /Users/izarhairulanam/Downloads/finance-tracker 4/vendor/laravel/framework/src/Illuminate/Routing/Router.php(808): Illuminate\\Routing\\Route->run()
#33 /Users/izarhairulanam/Downloads/finance-tracker 4/vendor/laravel/framework/src/Illuminate/Pipeline/Pipeline.php(170): Illuminate\\Routing\\Router->{closure:Illuminate\\Routing\\Router::runRouteWithinStack():807}(Object(Illuminate\\Http\\Request))
#34 /Users/izarhairulanam/Downloads/finance-tracker 4/vendor/laravel/framework/src/Illuminate/Routing/Middleware/SubstituteBindings.php(51): Illuminate\\Pipeline\\Pipeline->{closure:Illuminate\\Pipeline\\Pipeline::prepareDestination():168}(Object(Illuminate\\Http\\Request))
#35 /Users/izarhairulanam/Downloads/finance-tracker 4/vendor/laravel/framework/src/Illuminate/Pipeline/Pipeline.php(209): Illuminate\\Routing\\Middleware\\SubstituteBindings->handle(Object(Illuminate\\Http\\Request), Object(Closure))
#36 /Users/izarhairulanam/Downloads/finance-tracker 4/vendor/laravel/framework/src/Illuminate/Foundation/Http/Middleware/VerifyCsrfToken.php(88): Illuminate\\Pipeline\\Pipeline->{closure:{closure:Illuminate\\Pipeline\\Pipeline::carry():184}:185}(Object(Illuminate\\Http\\Request))
#37 /Users/izarhairulanam/Downloads/finance-tracker 4/vendor/laravel/framework/src/Illuminate/Pipeline/Pipeline.php(209): Illuminate\\Foundation\\Http\\Middleware\\VerifyCsrfToken->handle(Object(Illuminate\\Http\\Request), Object(Closure))
#38 /Users/izarhairulanam/Downloads/finance-tracker 4/vendor/laravel/framework/src/Illuminate/View/Middleware/ShareErrorsFromSession.php(49): Illuminate\\Pipeline\\Pipeline->{closure:{closure:Illuminate\\Pipeline\\Pipeline::carry():184}:185}(Object(Illuminate\\Http\\Request))
#39 /Users/izarhairulanam/Downloads/finance-tracker 4/vendor/laravel/framework/src/Illuminate/Pipeline/Pipeline.php(209): Illuminate\\View\\Middleware\\ShareErrorsFromSession->handle(Object(Illuminate\\Http\\Request), Object(Closure))
#40 /Users/izarhairulanam/Downloads/finance-tracker 4/vendor/laravel/framework/src/Illuminate/Session/Middleware/StartSession.php(121): Illuminate\\Pipeline\\Pipeline->{closure:{closure:Illuminate\\Pipeline\\Pipeline::carry():184}:185}(Object(Illuminate\\Http\\Request))
#41 /Users/izarhairulanam/Downloads/finance-tracker 4/vendor/laravel/framework/src/Illuminate/Session/Middleware/StartSession.php(64): Illuminate\\Session\\Middleware\\StartSession->handleStatefulRequest(Object(Illuminate\\Http\\Request), Object(Illuminate\\Session\\Store), Object(Closure))
#42 /Users/izarhairulanam/Downloads/finance-tracker 4/vendor/laravel/framework/src/Illuminate/Pipeline/Pipeline.php(209): Illuminate\\Session\\Middleware\\StartSession->handle(Object(Illuminate\\Http\\Request), Object(Closure))
#43 /Users/izarhairulanam/Downloads/finance-tracker 4/vendor/laravel/framework/src/Illuminate/Cookie/Middleware/AddQueuedCookiesToResponse.php(37): Illuminate\\Pipeline\\Pipeline->{closure:{closure:Illuminate\\Pipeline\\Pipeline::carry():184}:185}(Object(Illuminate\\Http\\Request))
#44 /Users/izarhairulanam/Downloads/finance-tracker 4/vendor/laravel/framework/src/Illuminate/Pipeline/Pipeline.php(209): Illuminate\\Cookie\\Middleware\\AddQueuedCookiesToResponse->handle(Object(Illuminate\\Http\\Request), Object(Closure))
#45 /Users/izarhairulanam/Downloads/finance-tracker 4/vendor/laravel/framework/src/Illuminate/Cookie/Middleware/EncryptCookies.php(75): Illuminate\\Pipeline\\Pipeline->{closure:{closure:Illuminate\\Pipeline\\Pipeline::carry():184}:185}(Object(Illuminate\\Http\\Request))
#46 /Users/izarhairulanam/Downloads/finance-tracker 4/vendor/laravel/framework/src/Illuminate/Pipeline/Pipeline.php(209): Illuminate\\Cookie\\Middleware\\EncryptCookies->handle(Object(Illuminate\\Http\\Request), Object(Closure))
#47 /Users/izarhairulanam/Downloads/finance-tracker 4/vendor/laravel/framework/src/Illuminate/Pipeline/Pipeline.php(127): Illuminate\\Pipeline\\Pipeline->{closure:{closure:Illuminate\\Pipeline\\Pipeline::carry():184}:185}(Object(Illuminate\\Http\\Request))
#48 /Users/izarhairulanam/Downloads/finance-tracker 4/vendor/laravel/framework/src/Illuminate/Routing/Router.php(807): Illuminate\\Pipeline\\Pipeline->then(Object(Closure))
#49 /Users/izarhairulanam/Downloads/finance-tracker 4/vendor/laravel/framework/src/Illuminate/Routing/Router.php(786): Illuminate\\Routing\\Router->runRouteWithinStack(Object(Illuminate\\Routing\\Route), Object(Illuminate\\Http\\Request))
#50 /Users/izarhairulanam/Downloads/finance-tracker 4/vendor/laravel/framework/src/Illuminate/Routing/Router.php(750): Illuminate\\Routing\\Router->runRoute(Object(Illuminate\\Http\\Request), Object(Illuminate\\Routing\\Route))
#51 /Users/izarhairulanam/Downloads/finance-tracker 4/vendor/laravel/framework/src/Illuminate/Routing/Router.php(739): Illuminate\\Routing\\Router->dispatchToRoute(Object(Illuminate\\Http\\Request))
#52 /Users/izarhairulanam/Downloads/finance-tracker 4/vendor/laravel/framework/src/Illuminate/Foundation/Http/Kernel.php(201): Illuminate\\Routing\\Router->dispatch(Object(Illuminate\\Http\\Request))
#53 /Users/izarhairulanam/Downloads/finance-tracker 4/vendor/laravel/framework/src/Illuminate/Pipeline/Pipeline.php(170): Illuminate\\Foundation\\Http\\Kernel->{closure:Illuminate\\Foundation\\Http\\Kernel::dispatchToRouter():198}(Object(Illuminate\\Http\\Request))
#54 /Users/izarhairulanam/Downloads/finance-tracker 4/vendor/livewire/livewire/src/Features/SupportDisablingBackButtonCache/DisableBackButtonCacheMiddleware.php(19): Illuminate\\Pipeline\\Pipeline->{closure:Illuminate\\Pipeline\\Pipeline::prepareDestination():168}(Object(Illuminate\\Http\\Request))
#55 /Users/izarhairulanam/Downloads/finance-tracker 4/vendor/laravel/framework/src/Illuminate/Pipeline/Pipeline.php(209): Livewire\\Features\\SupportDisablingBackButtonCache\\DisableBackButtonCacheMiddleware->handle(Object(Illuminate\\Http\\Request), Object(Closure))
#56 /Users/izarhairulanam/Downloads/finance-tracker 4/vendor/laravel/framework/src/Illuminate/Foundation/Http/Middleware/TransformsRequest.php(21): Illuminate\\Pipeline\\Pipeline->{closure:{closure:Illuminate\\Pipeline\\Pipeline::carry():184}:185}(Object(Illuminate\\Http\\Request))
#57 /Users/izarhairulanam/Downloads/finance-tracker 4/vendor/laravel/framework/src/Illuminate/Foundation/Http/Middleware/ConvertEmptyStringsToNull.php(31): Illuminate\\Foundation\\Http\\Middleware\\TransformsRequest->handle(Object(Illuminate\\Http\\Request), Object(Closure))
#58 /Users/izarhairulanam/Downloads/finance-tracker 4/vendor/laravel/framework/src/Illuminate/Pipeline/Pipeline.php(209): Illuminate\\Foundation\\Http\\Middleware\\ConvertEmptyStringsToNull->handle(Object(Illuminate\\Http\\Request), Object(Closure))
#59 /Users/izarhairulanam/Downloads/finance-tracker 4/vendor/laravel/framework/src/Illuminate/Foundation/Http/Middleware/TransformsRequest.php(21): Illuminate\\Pipeline\\Pipeline->{closure:{closure:Illuminate\\Pipeline\\Pipeline::carry():184}:185}(Object(Illuminate\\Http\\Request))
#60 /Users/izarhairulanam/Downloads/finance-tracker 4/vendor/laravel/framework/src/Illuminate/Foundation/Http/Middleware/TrimStrings.php(51): Illuminate\\Foundation\\Http\\Middleware\\TransformsRequest->handle(Object(Illuminate\\Http\\Request), Object(Closure))
#61 /Users/izarhairulanam/Downloads/finance-tracker 4/vendor/laravel/framework/src/Illuminate/Pipeline/Pipeline.php(209): Illuminate\\Foundation\\Http\\Middleware\\TrimStrings->handle(Object(Illuminate\\Http\\Request), Object(Closure))
#62 /Users/izarhairulanam/Downloads/finance-tracker 4/vendor/laravel/framework/src/Illuminate/Http/Middleware/ValidatePostSize.php(27): Illuminate\\Pipeline\\Pipeline->{closure:{closure:Illuminate\\Pipeline\\Pipeline::carry():184}:185}(Object(Illuminate\\Http\\Request))
#63 /Users/izarhairulanam/Downloads/finance-tracker 4/vendor/laravel/framework/src/Illuminate/Pipeline/Pipeline.php(209): Illuminate\\Http\\Middleware\\ValidatePostSize->handle(Object(Illuminate\\Http\\Request), Object(Closure))
#64 /Users/izarhairulanam/Downloads/finance-tracker 4/vendor/laravel/framework/src/Illuminate/Foundation/Http/Middleware/PreventRequestsDuringMaintenance.php(110): Illuminate\\Pipeline\\Pipeline->{closure:{closure:Illuminate\\Pipeline\\Pipeline::carry():184}:185}(Object(Illuminate\\Http\\Request))
#65 /Users/izarhairulanam/Downloads/finance-tracker 4/vendor/laravel/framework/src/Illuminate/Pipeline/Pipeline.php(209): Illuminate\\Foundation\\Http\\Middleware\\PreventRequestsDuringMaintenance->handle(Object(Illuminate\\Http\\Request), Object(Closure))
#66 /Users/izarhairulanam/Downloads/finance-tracker 4/vendor/laravel/framework/src/Illuminate/Http/Middleware/HandleCors.php(49): Illuminate\\Pipeline\\Pipeline->{closure:{closure:Illuminate\\Pipeline\\Pipeline::carry():184}:185}(Object(Illuminate\\Http\\Request))
#67 /Users/izarhairulanam/Downloads/finance-tracker 4/vendor/laravel/framework/src/Illuminate/Pipeline/Pipeline.php(209): Illuminate\\Http\\Middleware\\HandleCors->handle(Object(Illuminate\\Http\\Request), Object(Closure))
#68 /Users/izarhairulanam/Downloads/finance-tracker 4/vendor/laravel/framework/src/Illuminate/Http/Middleware/TrustProxies.php(58): Illuminate\\Pipeline\\Pipeline->{closure:{closure:Illuminate\\Pipeline\\Pipeline::carry():184}:185}(Object(Illuminate\\Http\\Request))
#69 /Users/izarhairulanam/Downloads/finance-tracker 4/vendor/laravel/framework/src/Illuminate/Pipeline/Pipeline.php(209): Illuminate\\Http\\Middleware\\TrustProxies->handle(Object(Illuminate\\Http\\Request), Object(Closure))
#70 /Users/izarhairulanam/Downloads/finance-tracker 4/vendor/laravel/framework/src/Illuminate/Foundation/Http/Middleware/InvokeDeferredCallbacks.php(22): Illuminate\\Pipeline\\Pipeline->{closure:{closure:Illuminate\\Pipeline\\Pipeline::carry():184}:185}(Object(Illuminate\\Http\\Request))
#71 /Users/izarhairulanam/Downloads/finance-tracker 4/vendor/laravel/framework/src/Illuminate/Pipeline/Pipeline.php(209): Illuminate\\Foundation\\Http\\Middleware\\InvokeDeferredCallbacks->handle(Object(Illuminate\\Http\\Request), Object(Closure))
#72 /Users/izarhairulanam/Downloads/finance-tracker 4/vendor/laravel/framework/src/Illuminate/Pipeline/Pipeline.php(127): Illuminate\\Pipeline\\Pipeline->{closure:{closure:Illuminate\\Pipeline\\Pipeline::carry():184}:185}(Object(Illuminate\\Http\\Request))
#73 /Users/izarhairulanam/Downloads/finance-tracker 4/vendor/laravel/framework/src/Illuminate/Foundation/Http/Kernel.php(176): Illuminate\\Pipeline\\Pipeline->then(Object(Closure))
#74 /Users/izarhairulanam/Downloads/finance-tracker 4/vendor/laravel/framework/src/Illuminate/Foundation/Http/Kernel.php(145): Illuminate\\Foundation\\Http\\Kernel->sendRequestThroughRouter(Object(Illuminate\\Http\\Request))
#75 /Users/izarhairulanam/Downloads/finance-tracker 4/vendor/laravel/framework/src/Illuminate/Foundation/Application.php(1220): Illuminate\\Foundation\\Http\\Kernel->handle(Object(Illuminate\\Http\\Request))
#76 /Users/izarhairulanam/Downloads/finance-tracker 4/public/index.php(17): Illuminate\\Foundation\\Application->handleRequest(Object(Illuminate\\Http\\Request))
#77 /Users/izarhairulanam/Downloads/finance-tracker 4/vendor/laravel/framework/src/Illuminate/Foundation/resources/server.php(23): require_once('/Users/izarhair...')
#78 {main}
"} 
[2026-05-14 16:48:19] local.ERROR: Unable to find component: [notification] {"exception":"[object] (Livewire\\Exceptions\\ComponentNotFoundException(code: 0): Unable to find component: [notification] at /Users/izarhairulanam/Downloads/finance-tracker 4/vendor/livewire/livewire/src/Mechanisms/ComponentRegistry.php:116)
[stacktrace]
#0 /Users/izarhairulanam/Downloads/finance-tracker 4/vendor/livewire/livewire/src/Mechanisms/ComponentRegistry.php(25): Livewire\\Mechanisms\\ComponentRegistry->getNameAndClass('notification')
#1 /Users/izarhairulanam/Downloads/finance-tracker 4/vendor/livewire/livewire/src/LivewireManager.php(58): Livewire\\Mechanisms\\ComponentRegistry->new('notification', NULL)
#2 /Users/izarhairulanam/Downloads/finance-tracker 4/vendor/livewire/livewire/src/Mechanisms/HandleComponents/HandleComponents.php(43): Livewire\\LivewireManager->new('notification')
#3 /Users/izarhairulanam/Downloads/finance-tracker 4/vendor/livewire/livewire/src/LivewireManager.php(73): Livewire\\Mechanisms\\HandleComponents\\HandleComponents->mount('notification', Array, 'lw-136175984-0')
#4 /Users/izarhairulanam/Downloads/finance-tracker 4/storage/framework/views/817d18588b3fa3a002a99e596e1d038f.php(224): Livewire\\LivewireManager->mount('notification', Array, 'lw-136175984-0')
#5 /Users/izarhairulanam/Downloads/finance-tracker 4/vendor/laravel/framework/src/Illuminate/Filesystem/Filesystem.php(123): require('/Users/izarhair...')
#6 /Users/izarhairulanam/Downloads/finance-tracker 4/vendor/laravel/framework/src/Illuminate/Filesystem/Filesystem.php(124): Illuminate\\Filesystem\\Filesystem::{closure:Illuminate\\Filesystem\\Filesystem::getRequire():120}()
#7 /Users/izarhairulanam/Downloads/finance-tracker 4/vendor/laravel/framework/src/Illuminate/View/Engines/PhpEngine.php(58): Illuminate\\Filesystem\\Filesystem->getRequire('/Users/izarhair...', Array)
#8 /Users/izarhairulanam/Downloads/finance-tracker 4/vendor/livewire/livewire/src/Mechanisms/ExtendBlade/ExtendedCompilerEngine.php(22): Illuminate\\View\\Engines\\PhpEngine->evaluatePath('/Users/izarhair...', Array)
#9 /Users/izarhairulanam/Downloads/finance-tracker 4/vendor/laravel/framework/src/Illuminate/View/Engines/CompilerEngine.php(75): Livewire\\Mechanisms\\ExtendBlade\\ExtendedCompilerEngine->evaluatePath('/Users/izarhair...', Array)
#10 /Users/izarhairulanam/Downloads/finance-tracker 4/vendor/livewire/livewire/src/Mechanisms/ExtendBlade/ExtendedCompilerEngine.php(10): Illuminate\\View\\Engines\\CompilerEngine->get('/Users/izarhair...', Array)
#11 /Users/izarhairulanam/Downloads/finance-tracker 4/vendor/laravel/framework/src/Illuminate/View/View.php(209): Livewire\\Mechanisms\\ExtendBlade\\ExtendedCompilerEngine->get('/Users/izarhair...', Array)
#12 /Users/izarhairulanam/Downloads/finance-tracker 4/vendor/laravel/framework/src/Illuminate/View/View.php(192): Illuminate\\View\\View->getContents()
#13 /Users/izarhairulanam/Downloads/finance-tracker 4/vendor/laravel/framework/src/Illuminate/View/View.php(161): Illuminate\\View\\View->renderContents()
#14 /Users/izarhairulanam/Downloads/finance-tracker 4/vendor/laravel/framework/src/Illuminate/View/Concerns/ManagesComponents.php(103): Illuminate\\View\\View->render()
#15 /Users/izarhairulanam/Downloads/finance-tracker 4/storage/framework/views/7e0151e6d654b77c3ff7a445e1fe7b74.php(17): Illuminate\\View\\Factory->renderComponent()
#16 /Users/izarhairulanam/Downloads/finance-tracker 4/vendor/laravel/framework/src/Illuminate/Filesystem/Filesystem.php(123): require('/Users/izarhair...')
#17 /Users/izarhairulanam/Downloads/finance-tracker 4/vendor/laravel/framework/src/Illuminate/Filesystem/Filesystem.php(124): Illuminate\\Filesystem\\Filesystem::{closure:Illuminate\\Filesystem\\Filesystem::getRequire():120}()
#18 /Users/izarhairulanam/Downloads/finance-tracker 4/vendor/laravel/framework/src/Illuminate/View/Engines/PhpEngine.php(58): Illuminate\\Filesystem\\Filesystem->getRequire('/Users/izarhair...', Array)
#19 /Users/izarhairulanam/Downloads/finance-tracker 4/vendor/livewire/livewire/src/Mechanisms/ExtendBlade/ExtendedCompilerEngine.php(22): Illuminate\\View\\Engines\\PhpEngine->evaluatePath('/Users/izarhair...', Array)
#20 /Users/izarhairulanam/Downloads/finance-tracker 4/vendor/laravel/framework/src/Illuminate/View/Engines/CompilerEngine.php(75): Livewire\\Mechanisms\\ExtendBlade\\ExtendedCompilerEngine->evaluatePath('/Users/izarhair...', Array)
#21 /Users/izarhairulanam/Downloads/finance-tracker 4/vendor/livewire/livewire/src/Mechanisms/ExtendBlade/ExtendedCompilerEngine.php(10): Illuminate\\View\\Engines\\CompilerEngine->get('/Users/izarhair...', Array)
#22 /Users/izarhairulanam/Downloads/finance-tracker 4/vendor/laravel/framework/src/Illuminate/View/View.php(209): Livewire\\Mechanisms\\ExtendBlade\\ExtendedCompilerEngine->get('/Users/izarhair...', Array)
#23 /Users/izarhairulanam/Downloads/finance-tracker 4/vendor/laravel/framework/src/Illuminate/View/View.php(192): Illuminate\\View\\View->getContents()
#24 /Users/izarhairulanam/Downloads/finance-tracker 4/vendor/laravel/framework/src/Illuminate/View/View.php(161): Illuminate\\View\\View->renderContents()
#25 /Users/izarhairulanam/Downloads/finance-tracker 4/vendor/laravel/framework/src/Illuminate/View/Compilers/BladeCompiler.php(337): Illuminate\\View\\View->render()
#26 /Users/izarhairulanam/Downloads/finance-tracker 4/vendor/laravel/framework/src/Illuminate/Support/Facades/Facade.php(361): Illuminate\\View\\Compilers\\BladeCompiler::render('    <?php $layo...', Array)
#27 /Users/izarhairulanam/Downloads/finance-tracker 4/vendor/livewire/livewire/src/Features/SupportPageComponents/SupportPageComponents.php(153): Illuminate\\Support\\Facades\\Facade::__callStatic('render', Array)
#28 /Users/izarhairulanam/Downloads/finance-tracker 4/vendor/livewire/livewire/src/Features/SupportPageComponents/HandlesPageComponents.php(24): Livewire\\Features\\SupportPageComponents\\SupportPageComponents::renderContentsIntoLayout('<div wire:snaps...', Object(Livewire\\Features\\SupportPageComponents\\PageComponentConfig))
#29 /Users/izarhairulanam/Downloads/finance-tracker 4/vendor/laravel/framework/src/Illuminate/Routing/ControllerDispatcher.php(47): Livewire\\Component->__invoke()
#30 /Users/izarhairulanam/Downloads/finance-tracker 4/vendor/laravel/framework/src/Illuminate/Routing/Route.php(266): Illuminate\\Routing\\ControllerDispatcher->dispatch(Object(Illuminate\\Routing\\Route), Object(App\\Livewire\\Dashboard), '__invoke')
#31 /Users/izarhairulanam/Downloads/finance-tracker 4/vendor/laravel/framework/src/Illuminate/Routing/Route.php(212): Illuminate\\Routing\\Route->runController()
#32 /Users/izarhairulanam/Downloads/finance-tracker 4/vendor/laravel/framework/src/Illuminate/Routing/Router.php(808): Illuminate\\Routing\\Route->run()
#33 /Users/izarhairulanam/Downloads/finance-tracker 4/vendor/laravel/framework/src/Illuminate/Pipeline/Pipeline.php(170): Illuminate\\Routing\\Router->{closure:Illuminate\\Routing\\Router::runRouteWithinStack():807}(Object(Illuminate\\Http\\Request))
#34 /Users/izarhairulanam/Downloads/finance-tracker 4/vendor/laravel/framework/src/Illuminate/Routing/Middleware/SubstituteBindings.php(51): Illuminate\\Pipeline\\Pipeline->{closure:Illuminate\\Pipeline\\Pipeline::prepareDestination():168}(Object(Illuminate\\Http\\Request))
#35 /Users/izarhairulanam/Downloads/finance-tracker 4/vendor/laravel/framework/src/Illuminate/Pipeline/Pipeline.php(209): Illuminate\\Routing\\Middleware\\SubstituteBindings->handle(Object(Illuminate\\Http\\Request), Object(Closure))
#36 /Users/izarhairulanam/Downloads/finance-tracker 4/vendor/laravel/framework/src/Illuminate/Foundation/Http/Middleware/VerifyCsrfToken.php(88): Illuminate\\Pipeline\\Pipeline->{closure:{closure:Illuminate\\Pipeline\\Pipeline::carry():184}:185}(Object(Illuminate\\Http\\Request))
#37 /Users/izarhairulanam/Downloads/finance-tracker 4/vendor/laravel/framework/src/Illuminate/Pipeline/Pipeline.php(209): Illuminate\\Foundation\\Http\\Middleware\\VerifyCsrfToken->handle(Object(Illuminate\\Http\\Request), Object(Closure))
#38 /Users/izarhairulanam/Downloads/finance-tracker 4/vendor/laravel/framework/src/Illuminate/View/Middleware/ShareErrorsFromSession.php(49): Illuminate\\Pipeline\\Pipeline->{closure:{closure:Illuminate\\Pipeline\\Pipeline::carry():184}:185}(Object(Illuminate\\Http\\Request))
#39 /Users/izarhairulanam/Downloads/finance-tracker 4/vendor/laravel/framework/src/Illuminate/Pipeline/Pipeline.php(209): Illuminate\\View\\Middleware\\ShareErrorsFromSession->handle(Object(Illuminate\\Http\\Request), Object(Closure))
#40 /Users/izarhairulanam/Downloads/finance-tracker 4/vendor/laravel/framework/src/Illuminate/Session/Middleware/StartSession.php(121): Illuminate\\Pipeline\\Pipeline->{closure:{closure:Illuminate\\Pipeline\\Pipeline::carry():184}:185}(Object(Illuminate\\Http\\Request))
#41 /Users/izarhairulanam/Downloads/finance-tracker 4/vendor/laravel/framework/src/Illuminate/Session/Middleware/StartSession.php(64): Illuminate\\Session\\Middleware\\StartSession->handleStatefulRequest(Object(Illuminate\\Http\\Request), Object(Illuminate\\Session\\Store), Object(Closure))
#42 /Users/izarhairulanam/Downloads/finance-tracker 4/vendor/laravel/framework/src/Illuminate/Pipeline/Pipeline.php(209): Illuminate\\Session\\Middleware\\StartSession->handle(Object(Illuminate\\Http\\Request), Object(Closure))
#43 /Users/izarhairulanam/Downloads/finance-tracker 4/vendor/laravel/framework/src/Illuminate/Cookie/Middleware/AddQueuedCookiesToResponse.php(37): Illuminate\\Pipeline\\Pipeline->{closure:{closure:Illuminate\\Pipeline\\Pipeline::carry():184}:185}(Object(Illuminate\\Http\\Request))
#44 /Users/izarhairulanam/Downloads/finance-tracker 4/vendor/laravel/framework/src/Illuminate/Pipeline/Pipeline.php(209): Illuminate\\Cookie\\Middleware\\AddQueuedCookiesToResponse->handle(Object(Illuminate\\Http\\Request), Object(Closure))
#45 /Users/izarhairulanam/Downloads/finance-tracker 4/vendor/laravel/framework/src/Illuminate/Cookie/Middleware/EncryptCookies.php(75): Illuminate\\Pipeline\\Pipeline->{closure:{closure:Illuminate\\Pipeline\\Pipeline::carry():184}:185}(Object(Illuminate\\Http\\Request))
#46 /Users/izarhairulanam/Downloads/finance-tracker 4/vendor/laravel/framework/src/Illuminate/Pipeline/Pipeline.php(209): Illuminate\\Cookie\\Middleware\\EncryptCookies->handle(Object(Illuminate\\Http\\Request), Object(Closure))
#47 /Users/izarhairulanam/Downloads/finance-tracker 4/vendor/laravel/framework/src/Illuminate/Pipeline/Pipeline.php(127): Illuminate\\Pipeline\\Pipeline->{closure:{closure:Illuminate\\Pipeline\\Pipeline::carry():184}:185}(Object(Illuminate\\Http\\Request))
#48 /Users/izarhairulanam/Downloads/finance-tracker 4/vendor/laravel/framework/src/Illuminate/Routing/Router.php(807): Illuminate\\Pipeline\\Pipeline->then(Object(Closure))
#49 /Users/izarhairulanam/Downloads/finance-tracker 4/vendor/laravel/framework/src/Illuminate/Routing/Router.php(786): Illuminate\\Routing\\Router->runRouteWithinStack(Object(Illuminate\\Routing\\Route), Object(Illuminate\\Http\\Request))
#50 /Users/izarhairulanam/Downloads/finance-tracker 4/vendor/laravel/framework/src/Illuminate/Routing/Router.php(750): Illuminate\\Routing\\Router->runRoute(Object(Illuminate\\Http\\Request), Object(Illuminate\\Routing\\Route))
#51 /Users/izarhairulanam/Downloads/finance-tracker 4/vendor/laravel/framework/src/Illuminate/Routing/Router.php(739): Illuminate\\Routing\\Router->dispatchToRoute(Object(Illuminate\\Http\\Request))
#52 /Users/izarhairulanam/Downloads/finance-tracker 4/vendor/laravel/framework/src/Illuminate/Foundation/Http/Kernel.php(201): Illuminate\\Routing\\Router->dispatch(Object(Illuminate\\Http\\Request))
#53 /Users/izarhairulanam/Downloads/finance-tracker 4/vendor/laravel/framework/src/Illuminate/Pipeline/Pipeline.php(170): Illuminate\\Foundation\\Http\\Kernel->{closure:Illuminate\\Foundation\\Http\\Kernel::dispatchToRouter():198}(Object(Illuminate\\Http\\Request))
#54 /Users/izarhairulanam/Downloads/finance-tracker 4/vendor/livewire/livewire/src/Features/SupportDisablingBackButtonCache/DisableBackButtonCacheMiddleware.php(19): Illuminate\\Pipeline\\Pipeline->{closure:Illuminate\\Pipeline\\Pipeline::prepareDestination():168}(Object(Illuminate\\Http\\Request))
#55 /Users/izarhairulanam/Downloads/finance-tracker 4/vendor/laravel/framework/src/Illuminate/Pipeline/Pipeline.php(209): Livewire\\Features\\SupportDisablingBackButtonCache\\DisableBackButtonCacheMiddleware->handle(Object(Illuminate\\Http\\Request), Object(Closure))
#56 /Users/izarhairulanam/Downloads/finance-tracker 4/vendor/laravel/framework/src/Illuminate/Foundation/Http/Middleware/TransformsRequest.php(21): Illuminate\\Pipeline\\Pipeline->{closure:{closure:Illuminate\\Pipeline\\Pipeline::carry():184}:185}(Object(Illuminate\\Http\\Request))
#57 /Users/izarhairulanam/Downloads/finance-tracker 4/vendor/laravel/framework/src/Illuminate/Foundation/Http/Middleware/ConvertEmptyStringsToNull.php(31): Illuminate\\Foundation\\Http\\Middleware\\TransformsRequest->handle(Object(Illuminate\\Http\\Request), Object(Closure))
#58 /Users/izarhairulanam/Downloads/finance-tracker 4/vendor/laravel/framework/src/Illuminate/Pipeline/Pipeline.php(209): Illuminate\\Foundation\\Http\\Middleware\\ConvertEmptyStringsToNull->handle(Object(Illuminate\\Http\\Request), Object(Closure))
#59 /Users/izarhairulanam/Downloads/finance-tracker 4/vendor/laravel/framework/src/Illuminate/Foundation/Http/Middleware/TransformsRequest.php(21): Illuminate\\Pipeline\\Pipeline->{closure:{closure:Illuminate\\Pipeline\\Pipeline::carry():184}:185}(Object(Illuminate\\Http\\Request))
#60 /Users/izarhairulanam/Downloads/finance-tracker 4/vendor/laravel/framework/src/Illuminate/Foundation/Http/Middleware/TrimStrings.php(51): Illuminate\\Foundation\\Http\\Middleware\\TransformsRequest->handle(Object(Illuminate\\Http\\Request), Object(Closure))
#61 /Users/izarhairulanam/Downloads/finance-tracker 4/vendor/laravel/framework/src/Illuminate/Pipeline/Pipeline.php(209): Illuminate\\Foundation\\Http\\Middleware\\TrimStrings->handle(Object(Illuminate\\Http\\Request), Object(Closure))
#62 /Users/izarhairulanam/Downloads/finance-tracker 4/vendor/laravel/framework/src/Illuminate/Http/Middleware/ValidatePostSize.php(27): Illuminate\\Pipeline\\Pipeline->{closure:{closure:Illuminate\\Pipeline\\Pipeline::carry():184}:185}(Object(Illuminate\\Http\\Request))
#63 /Users/izarhairulanam/Downloads/finance-tracker 4/vendor/laravel/framework/src/Illuminate/Pipeline/Pipeline.php(209): Illuminate\\Http\\Middleware\\ValidatePostSize->handle(Object(Illuminate\\Http\\Request), Object(Closure))
#64 /Users/izarhairulanam/Downloads/finance-tracker 4/vendor/laravel/framework/src/Illuminate/Foundation/Http/Middleware/PreventRequestsDuringMaintenance.php(110): Illuminate\\Pipeline\\Pipeline->{closure:{closure:Illuminate\\Pipeline\\Pipeline::carry():184}:185}(Object(Illuminate\\Http\\Request))
#65 /Users/izarhairulanam/Downloads/finance-tracker 4/vendor/laravel/framework/src/Illuminate/Pipeline/Pipeline.php(209): Illuminate\\Foundation\\Http\\Middleware\\PreventRequestsDuringMaintenance->handle(Object(Illuminate\\Http\\Request), Object(Closure))
#66 /Users/izarhairulanam/Downloads/finance-tracker 4/vendor/laravel/framework/src/Illuminate/Http/Middleware/HandleCors.php(49): Illuminate\\Pipeline\\Pipeline->{closure:{closure:Illuminate\\Pipeline\\Pipeline::carry():184}:185}(Object(Illuminate\\Http\\Request))
#67 /Users/izarhairulanam/Downloads/finance-tracker 4/vendor/laravel/framework/src/Illuminate/Pipeline/Pipeline.php(209): Illuminate\\Http\\Middleware\\HandleCors->handle(Object(Illuminate\\Http\\Request), Object(Closure))
#68 /Users/izarhairulanam/Downloads/finance-tracker 4/vendor/laravel/framework/src/Illuminate/Http/Middleware/TrustProxies.php(58): Illuminate\\Pipeline\\Pipeline->{closure:{closure:Illuminate\\Pipeline\\Pipeline::carry():184}:185}(Object(Illuminate\\Http\\Request))
#69 /Users/izarhairulanam/Downloads/finance-tracker 4/vendor/laravel/framework/src/Illuminate/Pipeline/Pipeline.php(209): Illuminate\\Http\\Middleware\\TrustProxies->handle(Object(Illuminate\\Http\\Request), Object(Closure))
#70 /Users/izarhairulanam/Downloads/finance-tracker 4/vendor/laravel/framework/src/Illuminate/Foundation/Http/Middleware/InvokeDeferredCallbacks.php(22): Illuminate\\Pipeline\\Pipeline->{closure:{closure:Illuminate\\Pipeline\\Pipeline::carry():184}:185}(Object(Illuminate\\Http\\Request))
#71 /Users/izarhairulanam/Downloads/finance-tracker 4/vendor/laravel/framework/src/Illuminate/Pipeline/Pipeline.php(209): Illuminate\\Foundation\\Http\\Middleware\\InvokeDeferredCallbacks->handle(Object(Illuminate\\Http\\Request), Object(Closure))
#72 /Users/izarhairulanam/Downloads/finance-tracker 4/vendor/laravel/framework/src/Illuminate/Pipeline/Pipeline.php(127): Illuminate\\Pipeline\\Pipeline->{closure:{closure:Illuminate\\Pipeline\\Pipeline::carry():184}:185}(Object(Illuminate\\Http\\Request))
#73 /Users/izarhairulanam/Downloads/finance-tracker 4/vendor/laravel/framework/src/Illuminate/Foundation/Http/Kernel.php(176): Illuminate\\Pipeline\\Pipeline->then(Object(Closure))
#74 /Users/izarhairulanam/Downloads/finance-tracker 4/vendor/laravel/framework/src/Illuminate/Foundation/Http/Kernel.php(145): Illuminate\\Foundation\\Http\\Kernel->sendRequestThroughRouter(Object(Illuminate\\Http\\Request))
#75 /Users/izarhairulanam/Downloads/finance-tracker 4/vendor/laravel/framework/src/Illuminate/Foundation/Application.php(1220): Illuminate\\Foundation\\Http\\Kernel->handle(Object(Illuminate\\Http\\Request))
#76 /Users/izarhairulanam/Downloads/finance-tracker 4/public/index.php(17): Illuminate\\Foundation\\Application->handleRequest(Object(Illuminate\\Http\\Request))
#77 /Users/izarhairulanam/Downloads/finance-tracker 4/vendor/laravel/framework/src/Illuminate/Foundation/resources/server.php(23): require_once('/Users/izarhair...')
#78 {main}
"} 
[2026-05-14 16:51:22] local.ERROR: Undefined variable $notifications (View: /Users/izarhairulanam/Downloads/finance-tracker 4/resources/views/livewire/notification.blade.php) (View: /Users/izarhairulanam/Downloads/finance-tracker 4/resources/views/livewire/notification.blade.php) (View: /Users/izarhairulanam/Downloads/finance-tracker 4/resources/views/livewire/notification.blade.php) {"exception":"[object] (Illuminate\\View\\ViewException(code: 0): Undefined variable $notifications (View: /Users/izarhairulanam/Downloads/finance-tracker 4/resources/views/livewire/notification.blade.php) (View: /Users/izarhairulanam/Downloads/finance-tracker 4/resources/views/livewire/notification.blade.php) (View: /Users/izarhairulanam/Downloads/finance-tracker 4/resources/views/livewire/notification.blade.php) at /Users/izarhairulanam/Downloads/finance-tracker 4/storage/framework/views/1973fd35f4b5d5df459e6de32d30bed8.php:2)
[stacktrace]
#0 /Users/izarhairulanam/Downloads/finance-tracker 4/vendor/livewire/livewire/src/Mechanisms/ExtendBlade/ExtendedCompilerEngine.php(58): Illuminate\\View\\Engines\\CompilerEngine->handleViewException(Object(Illuminate\\View\\ViewException), 1)
#1 /Users/izarhairulanam/Downloads/finance-tracker 4/vendor/laravel/framework/src/Illuminate/View/Engines/PhpEngine.php(60): Livewire\\Mechanisms\\ExtendBlade\\ExtendedCompilerEngine->handleViewException(Object(Illuminate\\View\\ViewException), 1)
#2 /Users/izarhairulanam/Downloads/finance-tracker 4/vendor/livewire/livewire/src/Mechanisms/ExtendBlade/ExtendedCompilerEngine.php(22): Illuminate\\View\\Engines\\PhpEngine->evaluatePath('/Users/izarhair...', Array)
#3 /Users/izarhairulanam/Downloads/finance-tracker 4/vendor/laravel/framework/src/Illuminate/View/Engines/CompilerEngine.php(75): Livewire\\Mechanisms\\ExtendBlade\\ExtendedCompilerEngine->evaluatePath('/Users/izarhair...', Array)
#4 /Users/izarhairulanam/Downloads/finance-tracker 4/vendor/livewire/livewire/src/Mechanisms/ExtendBlade/ExtendedCompilerEngine.php(10): Illuminate\\View\\Engines\\CompilerEngine->get('/Users/izarhair...', Array)
#5 /Users/izarhairulanam/Downloads/finance-tracker 4/vendor/laravel/framework/src/Illuminate/View/View.php(209): Livewire\\Mechanisms\\ExtendBlade\\ExtendedCompilerEngine->get('/Users/izarhair...', Array)
#6 /Users/izarhairulanam/Downloads/finance-tracker 4/vendor/laravel/framework/src/Illuminate/View/View.php(192): Illuminate\\View\\View->getContents()
#7 /Users/izarhairulanam/Downloads/finance-tracker 4/vendor/laravel/framework/src/Illuminate/View/View.php(161): Illuminate\\View\\View->renderContents()
#8 /Users/izarhairulanam/Downloads/finance-tracker 4/vendor/laravel/framework/src/Illuminate/View/Compilers/BladeCompiler.php(337): Illuminate\\View\\View->render()
#9 /Users/izarhairulanam/Downloads/finance-tracker 4/vendor/laravel/framework/src/Illuminate/Support/Facades/Facade.php(361): Illuminate\\View\\Compilers\\BladeCompiler::render('    <?php $layo...', Array)
#10 /Users/izarhairulanam/Downloads/finance-tracker 4/vendor/livewire/livewire/src/Features/SupportPageComponents/SupportPageComponents.php(153): Illuminate\\Support\\Facades\\Facade::__callStatic('render', Array)
#11 /Users/izarhairulanam/Downloads/finance-tracker 4/vendor/livewire/livewire/src/Features/SupportPageComponents/HandlesPageComponents.php(24): Livewire\\Features\\SupportPageComponents\\SupportPageComponents::renderContentsIntoLayout('<div wire:snaps...', Object(Livewire\\Features\\SupportPageComponents\\PageComponentConfig))
#12 /Users/izarhairulanam/Downloads/finance-tracker 4/vendor/laravel/framework/src/Illuminate/Routing/ControllerDispatcher.php(47): Livewire\\Component->__invoke()
#13 /Users/izarhairulanam/Downloads/finance-tracker 4/vendor/laravel/framework/src/Illuminate/Routing/Route.php(266): Illuminate\\Routing\\ControllerDispatcher->dispatch(Object(Illuminate\\Routing\\Route), Object(App\\Livewire\\Dashboard), '__invoke')
#14 /Users/izarhairulanam/Downloads/finance-tracker 4/vendor/laravel/framework/src/Illuminate/Routing/Route.php(212): Illuminate\\Routing\\Route->runController()
#15 /Users/izarhairulanam/Downloads/finance-tracker 4/vendor/laravel/framework/src/Illuminate/Routing/Router.php(808): Illuminate\\Routing\\Route->run()
#16 /Users/izarhairulanam/Downloads/finance-tracker 4/vendor/laravel/framework/src/Illuminate/Pipeline/Pipeline.php(170): Illuminate\\Routing\\Router->{closure:Illuminate\\Routing\\Router::runRouteWithinStack():807}(Object(Illuminate\\Http\\Request))
#17 /Users/izarhairulanam/Downloads/finance-tracker 4/vendor/laravel/framework/src/Illuminate/Routing/Middleware/SubstituteBindings.php(51): Illuminate\\Pipeline\\Pipeline->{closure:Illuminate\\Pipeline\\Pipeline::prepareDestination():168}(Object(Illuminate\\Http\\Request))
#18 /Users/izarhairulanam/Downloads/finance-tracker 4/vendor/laravel/framework/src/Illuminate/Pipeline/Pipeline.php(209): Illuminate\\Routing\\Middleware\\SubstituteBindings->handle(Object(Illuminate\\Http\\Request), Object(Closure))
#19 /Users/izarhairulanam/Downloads/finance-tracker 4/vendor/laravel/framework/src/Illuminate/Foundation/Http/Middleware/VerifyCsrfToken.php(88): Illuminate\\Pipeline\\Pipeline->{closure:{closure:Illuminate\\Pipeline\\Pipeline::carry():184}:185}(Object(Illuminate\\Http\\Request))
#20 /Users/izarhairulanam/Downloads/finance-tracker 4/vendor/laravel/framework/src/Illuminate/Pipeline/Pipeline.php(209): Illuminate\\Foundation\\Http\\Middleware\\VerifyCsrfToken->handle(Object(Illuminate\\Http\\Request), Object(Closure))
#21 /Users/izarhairulanam/Downloads/finance-tracker 4/vendor/laravel/framework/src/Illuminate/View/Middleware/ShareErrorsFromSession.php(49): Illuminate\\Pipeline\\Pipeline->{closure:{closure:Illuminate\\Pipeline\\Pipeline::carry():184}:185}(Object(Illuminate\\Http\\Request))
#22 /Users/izarhairulanam/Downloads/finance-tracker 4/vendor/laravel/framework/src/Illuminate/Pipeline/Pipeline.php(209): Illuminate\\View\\Middleware\\ShareErrorsFromSession->handle(Object(Illuminate\\Http\\Request), Object(Closure))
#23 /Users/izarhairulanam/Downloads/finance-tracker 4/vendor/laravel/framework/src/Illuminate/Session/Middleware/StartSession.php(121): Illuminate\\Pipeline\\Pipeline->{closure:{closure:Illuminate\\Pipeline\\Pipeline::carry():184}:185}(Object(Illuminate\\Http\\Request))
#24 /Users/izarhairulanam/Downloads/finance-tracker 4/vendor/laravel/framework/src/Illuminate/Session/Middleware/StartSession.php(64): Illuminate\\Session\\Middleware\\StartSession->handleStatefulRequest(Object(Illuminate\\Http\\Request), Object(Illuminate\\Session\\Store), Object(Closure))
#25 /Users/izarhairulanam/Downloads/finance-tracker 4/vendor/laravel/framework/src/Illuminate/Pipeline/Pipeline.php(209): Illuminate\\Session\\Middleware\\StartSession->handle(Object(Illuminate\\Http\\Request), Object(Closure))
#26 /Users/izarhairulanam/Downloads/finance-tracker 4/vendor/laravel/framework/src/Illuminate/Cookie/Middleware/AddQueuedCookiesToResponse.php(37): Illuminate\\Pipeline\\Pipeline->{closure:{closure:Illuminate\\Pipeline\\Pipeline::carry():184}:185}(Object(Illuminate\\Http\\Request))
#27 /Users/izarhairulanam/Downloads/finance-tracker 4/vendor/laravel/framework/src/Illuminate/Pipeline/Pipeline.php(209): Illuminate\\Cookie\\Middleware\\AddQueuedCookiesToResponse->handle(Object(Illuminate\\Http\\Request), Object(Closure))
#28 /Users/izarhairulanam/Downloads/finance-tracker 4/vendor/laravel/framework/src/Illuminate/Cookie/Middleware/EncryptCookies.php(75): Illuminate\\Pipeline\\Pipeline->{closure:{closure:Illuminate\\Pipeline\\Pipeline::carry():184}:185}(Object(Illuminate\\Http\\Request))
#29 /Users/izarhairulanam/Downloads/finance-tracker 4/vendor/laravel/framework/src/Illuminate/Pipeline/Pipeline.php(209): Illuminate\\Cookie\\Middleware\\EncryptCookies->handle(Object(Illuminate\\Http\\Request), Object(Closure))
#30 /Users/izarhairulanam/Downloads/finance-tracker 4/vendor/laravel/framework/src/Illuminate/Pipeline/Pipeline.php(127): Illuminate\\Pipeline\\Pipeline->{closure:{closure:Illuminate\\Pipeline\\Pipeline::carry():184}:185}(Object(Illuminate\\Http\\Request))
#31 /Users/izarhairulanam/Downloads/finance-tracker 4/vendor/laravel/framework/src/Illuminate/Routing/Router.php(807): Illuminate\\Pipeline\\Pipeline->then(Object(Closure))
#32 /Users/izarhairulanam/Downloads/finance-tracker 4/vendor/laravel/framework/src/Illuminate/Routing/Router.php(786): Illuminate\\Routing\\Router->runRouteWithinStack(Object(Illuminate\\Routing\\Route), Object(Illuminate\\Http\\Request))
#33 /Users/izarhairulanam/Downloads/finance-tracker 4/vendor/laravel/framework/src/Illuminate/Routing/Router.php(750): Illuminate\\Routing\\Router->runRoute(Object(Illuminate\\Http\\Request), Object(Illuminate\\Routing\\Route))
#34 /Users/izarhairulanam/Downloads/finance-tracker 4/vendor/laravel/framework/src/Illuminate/Routing/Router.php(739): Illuminate\\Routing\\Router->dispatchToRoute(Object(Illuminate\\Http\\Request))
#35 /Users/izarhairulanam/Downloads/finance-tracker 4/vendor/laravel/framework/src/Illuminate/Foundation/Http/Kernel.php(201): Illuminate\\Routing\\Router->dispatch(Object(Illuminate\\Http\\Request))
#36 /Users/izarhairulanam/Downloads/finance-tracker 4/vendor/laravel/framework/src/Illuminate/Pipeline/Pipeline.php(170): Illuminate\\Foundation\\Http\\Kernel->{closure:Illuminate\\Foundation\\Http\\Kernel::dispatchToRouter():198}(Object(Illuminate\\Http\\Request))
#37 /Users/izarhairulanam/Downloads/finance-tracker 4/vendor/livewire/livewire/src/Features/SupportDisablingBackButtonCache/DisableBackButtonCacheMiddleware.php(19): Illuminate\\Pipeline\\Pipeline->{closure:Illuminate\\Pipeline\\Pipeline::prepareDestination():168}(Object(Illuminate\\Http\\Request))
#38 /Users/izarhairulanam/Downloads/finance-tracker 4/vendor/laravel/framework/src/Illuminate/Pipeline/Pipeline.php(209): Livewire\\Features\\SupportDisablingBackButtonCache\\DisableBackButtonCacheMiddleware->handle(Object(Illuminate\\Http\\Request), Object(Closure))
#39 /Users/izarhairulanam/Downloads/finance-tracker 4/vendor/laravel/framework/src/Illuminate/Foundation/Http/Middleware/TransformsRequest.php(21): Illuminate\\Pipeline\\Pipeline->{closure:{closure:Illuminate\\Pipeline\\Pipeline::carry():184}:185}(Object(Illuminate\\Http\\Request))
#40 /Users/izarhairulanam/Downloads/finance-tracker 4/vendor/laravel/framework/src/Illuminate/Foundation/Http/Middleware/ConvertEmptyStringsToNull.php(31): Illuminate\\Foundation\\Http\\Middleware\\TransformsRequest->handle(Object(Illuminate\\Http\\Request), Object(Closure))
#41 /Users/izarhairulanam/Downloads/finance-tracker 4/vendor/laravel/framework/src/Illuminate/Pipeline/Pipeline.php(209): Illuminate\\Foundation\\Http\\Middleware\\ConvertEmptyStringsToNull->handle(Object(Illuminate\\Http\\Request), Object(Closure))
#42 /Users/izarhairulanam/Downloads/finance-tracker 4/vendor/laravel/framework/src/Illuminate/Foundation/Http/Middleware/TransformsRequest.php(21): Illuminate\\Pipeline\\Pipeline->{closure:{closure:Illuminate\\Pipeline\\Pipeline::carry():184}:185}(Object(Illuminate\\Http\\Request))
#43 /Users/izarhairulanam/Downloads/finance-tracker 4/vendor/laravel/framework/src/Illuminate/Foundation/Http/Middleware/TrimStrings.php(51): Illuminate\\Foundation\\Http\\Middleware\\TransformsRequest->handle(Object(Illuminate\\Http\\Request), Object(Closure))
#44 /Users/izarhairulanam/Downloads/finance-tracker 4/vendor/laravel/framework/src/Illuminate/Pipeline/Pipeline.php(209): Illuminate\\Foundation\\Http\\Middleware\\TrimStrings->handle(Object(Illuminate\\Http\\Request), Object(Closure))
#45 /Users/izarhairulanam/Downloads/finance-tracker 4/vendor/laravel/framework/src/Illuminate/Http/Middleware/ValidatePostSize.php(27): Illuminate\\Pipeline\\Pipeline->{closure:{closure:Illuminate\\Pipeline\\Pipeline::carry():184}:185}(Object(Illuminate\\Http\\Request))
#46 /Users/izarhairulanam/Downloads/finance-tracker 4/vendor/laravel/framework/src/Illuminate/Pipeline/Pipeline.php(209): Illuminate\\Http\\Middleware\\ValidatePostSize->handle(Object(Illuminate\\Http\\Request), Object(Closure))
#47 /Users/izarhairulanam/Downloads/finance-tracker 4/vendor/laravel/framework/src/Illuminate/Foundation/Http/Middleware/PreventRequestsDuringMaintenance.php(110): Illuminate\\Pipeline\\Pipeline->{closure:{closure:Illuminate\\Pipeline\\Pipeline::carry():184}:185}(Object(Illuminate\\Http\\Request))
#48 /Users/izarhairulanam/Downloads/finance-tracker 4/vendor/laravel/framework/src/Illuminate/Pipeline/Pipeline.php(209): Illuminate\\Foundation\\Http\\Middleware\\PreventRequestsDuringMaintenance->handle(Object(Illuminate\\Http\\Request), Object(Closure))
#49 /Users/izarhairulanam/Downloads/finance-tracker 4/vendor/laravel/framework/src/Illuminate/Http/Middleware/HandleCors.php(49): Illuminate\\Pipeline\\Pipeline->{closure:{closure:Illuminate\\Pipeline\\Pipeline::carry():184}:185}(Object(Illuminate\\Http\\Request))
#50 /Users/izarhairulanam/Downloads/finance-tracker 4/vendor/laravel/framework/src/Illuminate/Pipeline/Pipeline.php(209): Illuminate\\Http\\Middleware\\HandleCors->handle(Object(Illuminate\\Http\\Request), Object(Closure))
#51 /Users/izarhairulanam/Downloads/finance-tracker 4/vendor/laravel/framework/src/Illuminate/Http/Middleware/TrustProxies.php(58): Illuminate\\Pipeline\\Pipeline->{closure:{closure:Illuminate\\Pipeline\\Pipeline::carry():184}:185}(Object(Illuminate\\Http\\Request))
#52 /Users/izarhairulanam/Downloads/finance-tracker 4/vendor/laravel/framework/src/Illuminate/Pipeline/Pipeline.php(209): Illuminate\\Http\\Middleware\\TrustProxies->handle(Object(Illuminate\\Http\\Request), Object(Closure))
#53 /Users/izarhairulanam/Downloads/finance-tracker 4/vendor/laravel/framework/src/Illuminate/Foundation/Http/Middleware/InvokeDeferredCallbacks.php(22): Illuminate\\Pipeline\\Pipeline->{closure:{closure:Illuminate\\Pipeline\\Pipeline::carry():184}:185}(Object(Illuminate\\Http\\Request))
#54 /Users/izarhairulanam/Downloads/finance-tracker 4/vendor/laravel/framework/src/Illuminate/Pipeline/Pipeline.php(209): Illuminate\\Foundation\\Http\\Middleware\\InvokeDeferredCallbacks->handle(Object(Illuminate\\Http\\Request), Object(Closure))
#55 /Users/izarhairulanam/Downloads/finance-tracker 4/vendor/laravel/framework/src/Illuminate/Pipeline/Pipeline.php(127): Illuminate\\Pipeline\\Pipeline->{closure:{closure:Illuminate\\Pipeline\\Pipeline::carry():184}:185}(Object(Illuminate\\Http\\Request))
#56 /Users/izarhairulanam/Downloads/finance-tracker 4/vendor/laravel/framework/src/Illuminate/Foundation/Http/Kernel.php(176): Illuminate\\Pipeline\\Pipeline->then(Object(Closure))
#57 /Users/izarhairulanam/Downloads/finance-tracker 4/vendor/laravel/framework/src/Illuminate/Foundation/Http/Kernel.php(145): Illuminate\\Foundation\\Http\\Kernel->sendRequestThroughRouter(Object(Illuminate\\Http\\Request))
#58 /Users/izarhairulanam/Downloads/finance-tracker 4/vendor/laravel/framework/src/Illuminate/Foundation/Application.php(1220): Illuminate\\Foundation\\Http\\Kernel->handle(Object(Illuminate\\Http\\Request))
#59 /Users/izarhairulanam/Downloads/finance-tracker 4/public/index.php(17): Illuminate\\Foundation\\Application->handleRequest(Object(Illuminate\\Http\\Request))
#60 /Users/izarhairulanam/Downloads/finance-tracker 4/vendor/laravel/framework/src/Illuminate/Foundation/resources/server.php(23): require_once('/Users/izarhair...')
#61 {main}

[previous exception] [object] (Illuminate\\View\\ViewException(code: 0): Undefined variable $notifications (View: /Users/izarhairulanam/Downloads/finance-tracker 4/resources/views/livewire/notification.blade.php) (View: /Users/izarhairulanam/Downloads/finance-tracker 4/resources/views/livewire/notification.blade.php) at /Users/izarhairulanam/Downloads/finance-tracker 4/storage/framework/views/1973fd35f4b5d5df459e6de32d30bed8.php:2)
[stacktrace]
#0 /Users/izarhairulanam/Downloads/finance-tracker 4/vendor/livewire/livewire/src/Mechanisms/ExtendBlade/ExtendedCompilerEngine.php(58): Illuminate\\View\\Engines\\CompilerEngine->handleViewException(Object(Illuminate\\View\\ViewException), 2)
#1 /Users/izarhairulanam/Downloads/finance-tracker 4/vendor/laravel/framework/src/Illuminate/View/Engines/PhpEngine.php(60): Livewire\\Mechanisms\\ExtendBlade\\ExtendedCompilerEngine->handleViewException(Object(Illuminate\\View\\ViewException), 2)
#2 /Users/izarhairulanam/Downloads/finance-tracker 4/vendor/livewire/livewire/src/Mechanisms/ExtendBlade/ExtendedCompilerEngine.php(22): Illuminate\\View\\Engines\\PhpEngine->evaluatePath('/Users/izarhair...', Array)
#3 /Users/izarhairulanam/Downloads/finance-tracker 4/vendor/laravel/framework/src/Illuminate/View/Engines/CompilerEngine.php(75): Livewire\\Mechanisms\\ExtendBlade\\ExtendedCompilerEngine->evaluatePath('/Users/izarhair...', Array)
#4 /Users/izarhairulanam/Downloads/finance-tracker 4/vendor/livewire/livewire/src/Mechanisms/ExtendBlade/ExtendedCompilerEngine.php(10): Illuminate\\View\\Engines\\CompilerEngine->get('/Users/izarhair...', Array)
#5 /Users/izarhairulanam/Downloads/finance-tracker 4/vendor/laravel/framework/src/Illuminate/View/View.php(209): Livewire\\Mechanisms\\ExtendBlade\\ExtendedCompilerEngine->get('/Users/izarhair...', Array)
#6 /Users/izarhairulanam/Downloads/finance-tracker 4/vendor/laravel/framework/src/Illuminate/View/View.php(192): Illuminate\\View\\View->getContents()
#7 /Users/izarhairulanam/Downloads/finance-tracker 4/vendor/laravel/framework/src/Illuminate/View/View.php(161): Illuminate\\View\\View->renderContents()
#8 /Users/izarhairulanam/Downloads/finance-tracker 4/vendor/laravel/framework/src/Illuminate/View/Concerns/ManagesComponents.php(103): Illuminate\\View\\View->render()
#9 /Users/izarhairulanam/Downloads/finance-tracker 4/storage/framework/views/7e0151e6d654b77c3ff7a445e1fe7b74.php(17): Illuminate\\View\\Factory->renderComponent()
#10 /Users/izarhairulanam/Downloads/finance-tracker 4/vendor/laravel/framework/src/Illuminate/Filesystem/Filesystem.php(123): require('/Users/izarhair...')
#11 /Users/izarhairulanam/Downloads/finance-tracker 4/vendor/laravel/framework/src/Illuminate/Filesystem/Filesystem.php(124): Illuminate\\Filesystem\\Filesystem::{closure:Illuminate\\Filesystem\\Filesystem::getRequire():120}()
#12 /Users/izarhairulanam/Downloads/finance-tracker 4/vendor/laravel/framework/src/Illuminate/View/Engines/PhpEngine.php(58): Illuminate\\Filesystem\\Filesystem->getRequire('/Users/izarhair...', Array)
#13 /Users/izarhairulanam/Downloads/finance-tracker 4/vendor/livewire/livewire/src/Mechanisms/ExtendBlade/ExtendedCompilerEngine.php(22): Illuminate\\View\\Engines\\PhpEngine->evaluatePath('/Users/izarhair...', Array)
#14 /Users/izarhairulanam/Downloads/finance-tracker 4/vendor/laravel/framework/src/Illuminate/View/Engines/CompilerEngine.php(75): Livewire\\Mechanisms\\ExtendBlade\\ExtendedCompilerEngine->evaluatePath('/Users/izarhair...', Array)
#15 /Users/izarhairulanam/Downloads/finance-tracker 4/vendor/livewire/livewire/src/Mechanisms/ExtendBlade/ExtendedCompilerEngine.php(10): Illuminate\\View\\Engines\\CompilerEngine->get('/Users/izarhair...', Array)
#16 /Users/izarhairulanam/Downloads/finance-tracker 4/vendor/laravel/framework/src/Illuminate/View/View.php(209): Livewire\\Mechanisms\\ExtendBlade\\ExtendedCompilerEngine->get('/Users/izarhair...', Array)
#17 /Users/izarhairulanam/Downloads/finance-tracker 4/vendor/laravel/framework/src/Illuminate/View/View.php(192): Illuminate\\View\\View->getContents()
#18 /Users/izarhairulanam/Downloads/finance-tracker 4/vendor/laravel/framework/src/Illuminate/View/View.php(161): Illuminate\\View\\View->renderContents()
#19 /Users/izarhairulanam/Downloads/finance-tracker 4/vendor/laravel/framework/src/Illuminate/View/Compilers/BladeCompiler.php(337): Illuminate\\View\\View->render()
#20 /Users/izarhairulanam/Downloads/finance-tracker 4/vendor/laravel/framework/src/Illuminate/Support/Facades/Facade.php(361): Illuminate\\View\\Compilers\\BladeCompiler::render('    <?php $layo...', Array)
#21 /Users/izarhairulanam/Downloads/finance-tracker 4/vendor/livewire/livewire/src/Features/SupportPageComponents/SupportPageComponents.php(153): Illuminate\\Support\\Facades\\Facade::__callStatic('render', Array)
#22 /Users/izarhairulanam/Downloads/finance-tracker 4/vendor/livewire/livewire/src/Features/SupportPageComponents/HandlesPageComponents.php(24): Livewire\\Features\\SupportPageComponents\\SupportPageComponents::renderContentsIntoLayout('<div wire:snaps...', Object(Livewire\\Features\\SupportPageComponents\\PageComponentConfig))
#23 /Users/izarhairulanam/Downloads/finance-tracker 4/vendor/laravel/framework/src/Illuminate/Routing/ControllerDispatcher.php(47): Livewire\\Component->__invoke()
#24 /Users/izarhairulanam/Downloads/finance-tracker 4/vendor/laravel/framework/src/Illuminate/Routing/Route.php(266): Illuminate\\Routing\\ControllerDispatcher->dispatch(Object(Illuminate\\Routing\\Route), Object(App\\Livewire\\Dashboard), '__invoke')
#25 /Users/izarhairulanam/Downloads/finance-tracker 4/vendor/laravel/framework/src/Illuminate/Routing/Route.php(212): Illuminate\\Routing\\Route->runController()
#26 /Users/izarhairulanam/Downloads/finance-tracker 4/vendor/laravel/framework/src/Illuminate/Routing/Router.php(808): Illuminate\\Routing\\Route->run()
#27 /Users/izarhairulanam/Downloads/finance-tracker 4/vendor/laravel/framework/src/Illuminate/Pipeline/Pipeline.php(170): Illuminate\\Routing\\Router->{closure:Illuminate\\Routing\\Router::runRouteWithinStack():807}(Object(Illuminate\\Http\\Request))
#28 /Users/izarhairulanam/Downloads/finance-tracker 4/vendor/laravel/framework/src/Illuminate/Routing/Middleware/SubstituteBindings.php(51): Illuminate\\Pipeline\\Pipeline->{closure:Illuminate\\Pipeline\\Pipeline::prepareDestination():168}(Object(Illuminate\\Http\\Request))
#29 /Users/izarhairulanam/Downloads/finance-tracker 4/vendor/laravel/framework/src/Illuminate/Pipeline/Pipeline.php(209): Illuminate\\Routing\\Middleware\\SubstituteBindings->handle(Object(Illuminate\\Http\\Request), Object(Closure))
#30 /Users/izarhairulanam/Downloads/finance-tracker 4/vendor/laravel/framework/src/Illuminate/Foundation/Http/Middleware/VerifyCsrfToken.php(88): Illuminate\\Pipeline\\Pipeline->{closure:{closure:Illuminate\\Pipeline\\Pipeline::carry():184}:185}(Object(Illuminate\\Http\\Request))
#31 /Users/izarhairulanam/Downloads/finance-tracker 4/vendor/laravel/framework/src/Illuminate/Pipeline/Pipeline.php(209): Illuminate\\Foundation\\Http\\Middleware\\VerifyCsrfToken->handle(Object(Illuminate\\Http\\Request), Object(Closure))
#32 /Users/izarhairulanam/Downloads/finance-tracker 4/vendor/laravel/framework/src/Illuminate/View/Middleware/ShareErrorsFromSession.php(49): Illuminate\\Pipeline\\Pipeline->{closure:{closure:Illuminate\\Pipeline\\Pipeline::carry():184}:185}(Object(Illuminate\\Http\\Request))
#33 /Users/izarhairulanam/Downloads/finance-tracker 4/vendor/laravel/framework/src/Illuminate/Pipeline/Pipeline.php(209): Illuminate\\View\\Middleware\\ShareErrorsFromSession->handle(Object(Illuminate\\Http\\Request), Object(Closure))
#34 /Users/izarhairulanam/Downloads/finance-tracker 4/vendor/laravel/framework/src/Illuminate/Session/Middleware/StartSession.php(121): Illuminate\\Pipeline\\Pipeline->{closure:{closure:Illuminate\\Pipeline\\Pipeline::carry():184}:185}(Object(Illuminate\\Http\\Request))
#35 /Users/izarhairulanam/Downloads/finance-tracker 4/vendor/laravel/framework/src/Illuminate/Session/Middleware/StartSession.php(64): Illuminate\\Session\\Middleware\\StartSession->handleStatefulRequest(Object(Illuminate\\Http\\Request), Object(Illuminate\\Session\\Store), Object(Closure))
#36 /Users/izarhairulanam/Downloads/finance-tracker 4/vendor/laravel/framework/src/Illuminate/Pipeline/Pipeline.php(209): Illuminate\\Session\\Middleware\\StartSession->handle(Object(Illuminate\\Http\\Request), Object(Closure))
#37 /Users/izarhairulanam/Downloads/finance-tracker 4/vendor/laravel/framework/src/Illuminate/Cookie/Middleware/AddQueuedCookiesToResponse.php(37): Illuminate\\Pipeline\\Pipeline->{closure:{closure:Illuminate\\Pipeline\\Pipeline::carry():184}:185}(Object(Illuminate\\Http\\Request))
#38 /Users/izarhairulanam/Downloads/finance-tracker 4/vendor/laravel/framework/src/Illuminate/Pipeline/Pipeline.php(209): Illuminate\\Cookie\\Middleware\\AddQueuedCookiesToResponse->handle(Object(Illuminate\\Http\\Request), Object(Closure))
#39 /Users/izarhairulanam/Downloads/finance-tracker 4/vendor/laravel/framework/src/Illuminate/Cookie/Middleware/EncryptCookies.php(75): Illuminate\\Pipeline\\Pipeline->{closure:{closure:Illuminate\\Pipeline\\Pipeline::carry():184}:185}(Object(Illuminate\\Http\\Request))
#40 /Users/izarhairulanam/Downloads/finance-tracker 4/vendor/laravel/framework/src/Illuminate/Pipeline/Pipeline.php(209): Illuminate\\Cookie\\Middleware\\EncryptCookies->handle(Object(Illuminate\\Http\\Request), Object(Closure))
#41 /Users/izarhairulanam/Downloads/finance-tracker 4/vendor/laravel/framework/src/Illuminate/Pipeline/Pipeline.php(127): Illuminate\\Pipeline\\Pipeline->{closure:{closure:Illuminate\\Pipeline\\Pipeline::carry():184}:185}(Object(Illuminate\\Http\\Request))
#42 /Users/izarhairulanam/Downloads/finance-tracker 4/vendor/laravel/framework/src/Illuminate/Routing/Router.php(807): Illuminate\\Pipeline\\Pipeline->then(Object(Closure))
#43 /Users/izarhairulanam/Downloads/finance-tracker 4/vendor/laravel/framework/src/Illuminate/Routing/Router.php(786): Illuminate\\Routing\\Router->runRouteWithinStack(Object(Illuminate\\Routing\\Route), Object(Illuminate\\Http\\Request))
#44 /Users/izarhairulanam/Downloads/finance-tracker 4/vendor/laravel/framework/src/Illuminate/Routing/Router.php(750): Illuminate\\Routing\\Router->runRoute(Object(Illuminate\\Http\\Request), Object(Illuminate\\Routing\\Route))
#45 /Users/izarhairulanam/Downloads/finance-tracker 4/vendor/laravel/framework/src/Illuminate/Routing/Router.php(739): Illuminate\\Routing\\Router->dispatchToRoute(Object(Illuminate\\Http\\Request))
#46 /Users/izarhairulanam/Downloads/finance-tracker 4/vendor/laravel/framework/src/Illuminate/Foundation/Http/Kernel.php(201): Illuminate\\Routing\\Router->dispatch(Object(Illuminate\\Http\\Request))
#47 /Users/izarhairulanam/Downloads/finance-tracker 4/vendor/laravel/framework/src/Illuminate/Pipeline/Pipeline.php(170): Illuminate\\Foundation\\Http\\Kernel->{closure:Illuminate\\Foundation\\Http\\Kernel::dispatchToRouter():198}(Object(Illuminate\\Http\\Request))
#48 /Users/izarhairulanam/Downloads/finance-tracker 4/vendor/livewire/livewire/src/Features/SupportDisablingBackButtonCache/DisableBackButtonCacheMiddleware.php(19): Illuminate\\Pipeline\\Pipeline->{closure:Illuminate\\Pipeline\\Pipeline::prepareDestination():168}(Object(Illuminate\\Http\\Request))
#49 /Users/izarhairulanam/Downloads/finance-tracker 4/vendor/laravel/framework/src/Illuminate/Pipeline/Pipeline.php(209): Livewire\\Features\\SupportDisablingBackButtonCache\\DisableBackButtonCacheMiddleware->handle(Object(Illuminate\\Http\\Request), Object(Closure))
#50 /Users/izarhairulanam/Downloads/finance-tracker 4/vendor/laravel/framework/src/Illuminate/Foundation/Http/Middleware/TransformsRequest.php(21): Illuminate\\Pipeline\\Pipeline->{closure:{closure:Illuminate\\Pipeline\\Pipeline::carry():184}:185}(Object(Illuminate\\Http\\Request))
#51 /Users/izarhairulanam/Downloads/finance-tracker 4/vendor/laravel/framework/src/Illuminate/Foundation/Http/Middleware/ConvertEmptyStringsToNull.php(31): Illuminate\\Foundation\\Http\\Middleware\\TransformsRequest->handle(Object(Illuminate\\Http\\Request), Object(Closure))
#52 /Users/izarhairulanam/Downloads/finance-tracker 4/vendor/laravel/framework/src/Illuminate/Pipeline/Pipeline.php(209): Illuminate\\Foundation\\Http\\Middleware\\ConvertEmptyStringsToNull->handle(Object(Illuminate\\Http\\Request), Object(Closure))
#53 /Users/izarhairulanam/Downloads/finance-tracker 4/vendor/laravel/framework/src/Illuminate/Foundation/Http/Middleware/TransformsRequest.php(21): Illuminate\\Pipeline\\Pipeline->{closure:{closure:Illuminate\\Pipeline\\Pipeline::carry():184}:185}(Object(Illuminate\\Http\\Request))
#54 /Users/izarhairulanam/Downloads/finance-tracker 4/vendor/laravel/framework/src/Illuminate/Foundation/Http/Middleware/TrimStrings.php(51): Illuminate\\Foundation\\Http\\Middleware\\TransformsRequest->handle(Object(Illuminate\\Http\\Request), Object(Closure))
#55 /Users/izarhairulanam/Downloads/finance-tracker 4/vendor/laravel/framework/src/Illuminate/Pipeline/Pipeline.php(209): Illuminate\\Foundation\\Http\\Middleware\\TrimStrings->handle(Object(Illuminate\\Http\\Request), Object(Closure))
#56 /Users/izarhairulanam/Downloads/finance-tracker 4/vendor/laravel/framework/src/Illuminate/Http/Middleware/ValidatePostSize.php(27): Illuminate\\Pipeline\\Pipeline->{closure:{closure:Illuminate\\Pipeline\\Pipeline::carry():184}:185}(Object(Illuminate\\Http\\Request))
#57 /Users/izarhairulanam/Downloads/finance-tracker 4/vendor/laravel/framework/src/Illuminate/Pipeline/Pipeline.php(209): Illuminate\\Http\\Middleware\\ValidatePostSize->handle(Object(Illuminate\\Http\\Request), Object(Closure))
#58 /Users/izarhairulanam/Downloads/finance-tracker 4/vendor/laravel/framework/src/Illuminate/Foundation/Http/Middleware/PreventRequestsDuringMaintenance.php(110): Illuminate\\Pipeline\\Pipeline->{closure:{closure:Illuminate\\Pipeline\\Pipeline::carry():184}:185}(Object(Illuminate\\Http\\Request))
#59 /Users/izarhairulanam/Downloads/finance-tracker 4/vendor/laravel/framework/src/Illuminate/Pipeline/Pipeline.php(209): Illuminate\\Foundation\\Http\\Middleware\\PreventRequestsDuringMaintenance->handle(Object(Illuminate\\Http\\Request), Object(Closure))
#60 /Users/izarhairulanam/Downloads/finance-tracker 4/vendor/laravel/framework/src/Illuminate/Http/Middleware/HandleCors.php(49): Illuminate\\Pipeline\\Pipeline->{closure:{closure:Illuminate\\Pipeline\\Pipeline::carry():184}:185}(Object(Illuminate\\Http\\Request))
#61 /Users/izarhairulanam/Downloads/finance-tracker 4/vendor/laravel/framework/src/Illuminate/Pipeline/Pipeline.php(209): Illuminate\\Http\\Middleware\\HandleCors->handle(Object(Illuminate\\Http\\Request), Object(Closure))
#62 /Users/izarhairulanam/Downloads/finance-tracker 4/vendor/laravel/framework/src/Illuminate/Http/Middleware/TrustProxies.php(58): Illuminate\\Pipeline\\Pipeline->{closure:{closure:Illuminate\\Pipeline\\Pipeline::carry():184}:185}(Object(Illuminate\\Http\\Request))
#63 /Users/izarhairulanam/Downloads/finance-tracker 4/vendor/laravel/framework/src/Illuminate/Pipeline/Pipeline.php(209): Illuminate\\Http\\Middleware\\TrustProxies->handle(Object(Illuminate\\Http\\Request), Object(Closure))
#64 /Users/izarhairulanam/Downloads/finance-tracker 4/vendor/laravel/framework/src/Illuminate/Foundation/Http/Middleware/InvokeDeferredCallbacks.php(22): Illuminate\\Pipeline\\Pipeline->{closure:{closure:Illuminate\\Pipeline\\Pipeline::carry():184}:185}(Object(Illuminate\\Http\\Request))
#65 /Users/izarhairulanam/Downloads/finance-tracker 4/vendor/laravel/framework/src/Illuminate/Pipeline/Pipeline.php(209): Illuminate\\Foundation\\Http\\Middleware\\InvokeDeferredCallbacks->handle(Object(Illuminate\\Http\\Request), Object(Closure))
#66 /Users/izarhairulanam/Downloads/finance-tracker 4/vendor/laravel/framework/src/Illuminate/Pipeline/Pipeline.php(127): Illuminate\\Pipeline\\Pipeline->{closure:{closure:Illuminate\\Pipeline\\Pipeline::carry():184}:185}(Object(Illuminate\\Http\\Request))
#67 /Users/izarhairulanam/Downloads/finance-tracker 4/vendor/laravel/framework/src/Illuminate/Foundation/Http/Kernel.php(176): Illuminate\\Pipeline\\Pipeline->then(Object(Closure))
#68 /Users/izarhairulanam/Downloads/finance-tracker 4/vendor/laravel/framework/src/Illuminate/Foundation/Http/Kernel.php(145): Illuminate\\Foundation\\Http\\Kernel->sendRequestThroughRouter(Object(Illuminate\\Http\\Request))
#69 /Users/izarhairulanam/Downloads/finance-tracker 4/vendor/laravel/framework/src/Illuminate/Foundation/Application.php(1220): Illuminate\\Foundation\\Http\\Kernel->handle(Object(Illuminate\\Http\\Request))
#70 /Users/izarhairulanam/Downloads/finance-tracker 4/public/index.php(17): Illuminate\\Foundation\\Application->handleRequest(Object(Illuminate\\Http\\Request))
#71 /Users/izarhairulanam/Downloads/finance-tracker 4/vendor/laravel/framework/src/Illuminate/Foundation/resources/server.php(23): require_once('/Users/izarhair...')
#72 {main}

[previous exception] [object] (Illuminate\\View\\ViewException(code: 0): Undefined variable $notifications (View: /Users/izarhairulanam/Downloads/finance-tracker 4/resources/views/livewire/notification.blade.php) at /Users/izarhairulanam/Downloads/finance-tracker 4/storage/framework/views/1973fd35f4b5d5df459e6de32d30bed8.php:2)
[stacktrace]
#0 /Users/izarhairulanam/Downloads/finance-tracker 4/vendor/livewire/livewire/src/Mechanisms/ExtendBlade/ExtendedCompilerEngine.php(58): Illuminate\\View\\Engines\\CompilerEngine->handleViewException(Object(ErrorException), 3)
#1 /Users/izarhairulanam/Downloads/finance-tracker 4/vendor/livewire/livewire/src/Mechanisms/ExtendBlade/ExtendedCompilerEngine.php(40): Livewire\\Mechanisms\\ExtendBlade\\ExtendedCompilerEngine->handleViewException(Object(ErrorException), 3)
#2 /Users/izarhairulanam/Downloads/finance-tracker 4/vendor/laravel/framework/src/Illuminate/View/Engines/CompilerEngine.php(75): Livewire\\Mechanisms\\ExtendBlade\\ExtendedCompilerEngine->evaluatePath('/Users/izarhair...', Array)
#3 /Users/izarhairulanam/Downloads/finance-tracker 4/vendor/livewire/livewire/src/Mechanisms/ExtendBlade/ExtendedCompilerEngine.php(16): Illuminate\\View\\Engines\\CompilerEngine->get('/Users/izarhair...', Array)
#4 /Users/izarhairulanam/Downloads/finance-tracker 4/vendor/laravel/framework/src/Illuminate/View/View.php(209): Livewire\\Mechanisms\\ExtendBlade\\ExtendedCompilerEngine->get('/Users/izarhair...', Array)
#5 /Users/izarhairulanam/Downloads/finance-tracker 4/vendor/laravel/framework/src/Illuminate/View/View.php(192): Illuminate\\View\\View->getContents()
#6 /Users/izarhairulanam/Downloads/finance-tracker 4/vendor/laravel/framework/src/Illuminate/View/View.php(161): Illuminate\\View\\View->renderContents()
#7 /Users/izarhairulanam/Downloads/finance-tracker 4/vendor/livewire/livewire/src/Mechanisms/HandleComponents/HandleComponents.php(282): Illuminate\\View\\View->render(Object(Closure))
#8 /Users/izarhairulanam/Downloads/finance-tracker 4/vendor/livewire/livewire/src/Mechanisms/HandleComponents/HandleComponents.php(326): Livewire\\Mechanisms\\HandleComponents\\HandleComponents->{closure:Livewire\\Mechanisms\\HandleComponents\\HandleComponents::render():274}()
#9 /Users/izarhairulanam/Downloads/finance-tracker 4/vendor/livewire/livewire/src/Mechanisms/HandleComponents/HandleComponents.php(274): Livewire\\Mechanisms\\HandleComponents\\HandleComponents->trackInRenderStack(Object(App\\Http\\Livewire\\Notification), Object(Closure))
#10 /Users/izarhairulanam/Downloads/finance-tracker 4/vendor/livewire/livewire/src/Mechanisms/HandleComponents/HandleComponents.php(54): Livewire\\Mechanisms\\HandleComponents\\HandleComponents->render(Object(App\\Http\\Livewire\\Notification), '<div></div>')
#11 /Users/izarhairulanam/Downloads/finance-tracker 4/vendor/livewire/livewire/src/LivewireManager.php(73): Livewire\\Mechanisms\\HandleComponents\\HandleComponents->mount('notification', Array, 'lw-136175984-0')
#12 /Users/izarhairulanam/Downloads/finance-tracker 4/storage/framework/views/817d18588b3fa3a002a99e596e1d038f.php(224): Livewire\\LivewireManager->mount('notification', Array, 'lw-136175984-0')
#13 /Users/izarhairulanam/Downloads/finance-tracker 4/vendor/laravel/framework/src/Illuminate/Filesystem/Filesystem.php(123): require('/Users/izarhair...')
#14 /Users/izarhairulanam/Downloads/finance-tracker 4/vendor/laravel/framework/src/Illuminate/Filesystem/Filesystem.php(124): Illuminate\\Filesystem\\Filesystem::{closure:Illuminate\\Filesystem\\Filesystem::getRequire():120}()
#15 /Users/izarhairulanam/Downloads/finance-tracker 4/vendor/laravel/framework/src/Illuminate/View/Engines/PhpEngine.php(58): Illuminate\\Filesystem\\Filesystem->getRequire('/Users/izarhair...', Array)
#16 /Users/izarhairulanam/Downloads/finance-tracker 4/vendor/livewire/livewire/src/Mechanisms/ExtendBlade/ExtendedCompilerEngine.php(22): Illuminate\\View\\Engines\\PhpEngine->evaluatePath('/Users/izarhair...', Array)
#17 /Users/izarhairulanam/Downloads/finance-tracker 4/vendor/laravel/framework/src/Illuminate/View/Engines/CompilerEngine.php(75): Livewire\\Mechanisms\\ExtendBlade\\ExtendedCompilerEngine->evaluatePath('/Users/izarhair...', Array)
#18 /Users/izarhairulanam/Downloads/finance-tracker 4/vendor/livewire/livewire/src/Mechanisms/ExtendBlade/ExtendedCompilerEngine.php(10): Illuminate\\View\\Engines\\CompilerEngine->get('/Users/izarhair...', Array)
#19 /Users/izarhairulanam/Downloads/finance-tracker 4/vendor/laravel/framework/src/Illuminate/View/View.php(209): Livewire\\Mechanisms\\ExtendBlade\\ExtendedCompilerEngine->get('/Users/izarhair...', Array)
#20 /Users/izarhairulanam/Downloads/finance-tracker 4/vendor/laravel/framework/src/Illuminate/View/View.php(192): Illuminate\\View\\View->getContents()
#21 /Users/izarhairulanam/Downloads/finance-tracker 4/vendor/laravel/framework/src/Illuminate/View/View.php(161): Illuminate\\View\\View->renderContents()
#22 /Users/izarhairulanam/Downloads/finance-tracker 4/vendor/laravel/framework/src/Illuminate/View/Concerns/ManagesComponents.php(103): Illuminate\\View\\View->render()
#23 /Users/izarhairulanam/Downloads/finance-tracker 4/storage/framework/views/7e0151e6d654b77c3ff7a445e1fe7b74.php(17): Illuminate\\View\\Factory->renderComponent()
#24 /Users/izarhairulanam/Downloads/finance-tracker 4/vendor/laravel/framework/src/Illuminate/Filesystem/Filesystem.php(123): require('/Users/izarhair...')
#25 /Users/izarhairulanam/Downloads/finance-tracker 4/vendor/laravel/framework/src/Illuminate/Filesystem/Filesystem.php(124): Illuminate\\Filesystem\\Filesystem::{closure:Illuminate\\Filesystem\\Filesystem::getRequire():120}()
#26 /Users/izarhairulanam/Downloads/finance-tracker 4/vendor/laravel/framework/src/Illuminate/View/Engines/PhpEngine.php(58): Illuminate\\Filesystem\\Filesystem->getRequire('/Users/izarhair...', Array)
#27 /Users/izarhairulanam/Downloads/finance-tracker 4/vendor/livewire/livewire/src/Mechanisms/ExtendBlade/ExtendedCompilerEngine.php(22): Illuminate\\View\\Engines\\PhpEngine->evaluatePath('/Users/izarhair...', Array)
#28 /Users/izarhairulanam/Downloads/finance-tracker 4/vendor/laravel/framework/src/Illuminate/View/Engines/CompilerEngine.php(75): Livewire\\Mechanisms\\ExtendBlade\\ExtendedCompilerEngine->evaluatePath('/Users/izarhair...', Array)
#29 /Users/izarhairulanam/Downloads/finance-tracker 4/vendor/livewire/livewire/src/Mechanisms/ExtendBlade/ExtendedCompilerEngine.php(10): Illuminate\\View\\Engines\\CompilerEngine->get('/Users/izarhair...', Array)
#30 /Users/izarhairulanam/Downloads/finance-tracker 4/vendor/laravel/framework/src/Illuminate/View/View.php(209): Livewire\\Mechanisms\\ExtendBlade\\ExtendedCompilerEngine->get('/Users/izarhair...', Array)
#31 /Users/izarhairulanam/Downloads/finance-tracker 4/vendor/laravel/framework/src/Illuminate/View/View.php(192): Illuminate\\View\\View->getContents()
#32 /Users/izarhairulanam/Downloads/finance-tracker 4/vendor/laravel/framework/src/Illuminate/View/View.php(161): Illuminate\\View\\View->renderContents()
#33 /Users/izarhairulanam/Downloads/finance-tracker 4/vendor/laravel/framework/src/Illuminate/View/Compilers/BladeCompiler.php(337): Illuminate\\View\\View->render()
#34 /Users/izarhairulanam/Downloads/finance-tracker 4/vendor/laravel/framework/src/Illuminate/Support/Facades/Facade.php(361): Illuminate\\View\\Compilers\\BladeCompiler::render('    <?php $layo...', Array)
#35 /Users/izarhairulanam/Downloads/finance-tracker 4/vendor/livewire/livewire/src/Features/SupportPageComponents/SupportPageComponents.php(153): Illuminate\\Support\\Facades\\Facade::__callStatic('render', Array)
#36 /Users/izarhairulanam/Downloads/finance-tracker 4/vendor/livewire/livewire/src/Features/SupportPageComponents/HandlesPageComponents.php(24): Livewire\\Features\\SupportPageComponents\\SupportPageComponents::renderContentsIntoLayout('<div wire:snaps...', Object(Livewire\\Features\\SupportPageComponents\\PageComponentConfig))
#37 /Users/izarhairulanam/Downloads/finance-tracker 4/vendor/laravel/framework/src/Illuminate/Routing/ControllerDispatcher.php(47): Livewire\\Component->__invoke()
#38 /Users/izarhairulanam/Downloads/finance-tracker 4/vendor/laravel/framework/src/Illuminate/Routing/Route.php(266): Illuminate\\Routing\\ControllerDispatcher->dispatch(Object(Illuminate\\Routing\\Route), Object(App\\Livewire\\Dashboard), '__invoke')
#39 /Users/izarhairulanam/Downloads/finance-tracker 4/vendor/laravel/framework/src/Illuminate/Routing/Route.php(212): Illuminate\\Routing\\Route->runController()
#40 /Users/izarhairulanam/Downloads/finance-tracker 4/vendor/laravel/framework/src/Illuminate/Routing/Router.php(808): Illuminate\\Routing\\Route->run()
#41 /Users/izarhairulanam/Downloads/finance-tracker 4/vendor/laravel/framework/src/Illuminate/Pipeline/Pipeline.php(170): Illuminate\\Routing\\Router->{closure:Illuminate\\Routing\\Router::runRouteWithinStack():807}(Object(Illuminate\\Http\\Request))
#42 /Users/izarhairulanam/Downloads/finance-tracker 4/vendor/laravel/framework/src/Illuminate/Routing/Middleware/SubstituteBindings.php(51): Illuminate\\Pipeline\\Pipeline->{closure:Illuminate\\Pipeline\\Pipeline::prepareDestination():168}(Object(Illuminate\\Http\\Request))
#43 /Users/izarhairulanam/Downloads/finance-tracker 4/vendor/laravel/framework/src/Illuminate/Pipeline/Pipeline.php(209): Illuminate\\Routing\\Middleware\\SubstituteBindings->handle(Object(Illuminate\\Http\\Request), Object(Closure))
#44 /Users/izarhairulanam/Downloads/finance-tracker 4/vendor/laravel/framework/src/Illuminate/Foundation/Http/Middleware/VerifyCsrfToken.php(88): Illuminate\\Pipeline\\Pipeline->{closure:{closure:Illuminate\\Pipeline\\Pipeline::carry():184}:185}(Object(Illuminate\\Http\\Request))
#45 /Users/izarhairulanam/Downloads/finance-tracker 4/vendor/laravel/framework/src/Illuminate/Pipeline/Pipeline.php(209): Illuminate\\Foundation\\Http\\Middleware\\VerifyCsrfToken->handle(Object(Illuminate\\Http\\Request), Object(Closure))
#46 /Users/izarhairulanam/Downloads/finance-tracker 4/vendor/laravel/framework/src/Illuminate/View/Middleware/ShareErrorsFromSession.php(49): Illuminate\\Pipeline\\Pipeline->{closure:{closure:Illuminate\\Pipeline\\Pipeline::carry():184}:185}(Object(Illuminate\\Http\\Request))
#47 /Users/izarhairulanam/Downloads/finance-tracker 4/vendor/laravel/framework/src/Illuminate/Pipeline/Pipeline.php(209): Illuminate\\View\\Middleware\\ShareErrorsFromSession->handle(Object(Illuminate\\Http\\Request), Object(Closure))
#48 /Users/izarhairulanam/Downloads/finance-tracker 4/vendor/laravel/framework/src/Illuminate/Session/Middleware/StartSession.php(121): Illuminate\\Pipeline\\Pipeline->{closure:{closure:Illuminate\\Pipeline\\Pipeline::carry():184}:185}(Object(Illuminate\\Http\\Request))
#49 /Users/izarhairulanam/Downloads/finance-tracker 4/vendor/laravel/framework/src/Illuminate/Session/Middleware/StartSession.php(64): Illuminate\\Session\\Middleware\\StartSession->handleStatefulRequest(Object(Illuminate\\Http\\Request), Object(Illuminate\\Session\\Store), Object(Closure))
#50 /Users/izarhairulanam/Downloads/finance-tracker 4/vendor/laravel/framework/src/Illuminate/Pipeline/Pipeline.php(209): Illuminate\\Session\\Middleware\\StartSession->handle(Object(Illuminate\\Http\\Request), Object(Closure))
#51 /Users/izarhairulanam/Downloads/finance-tracker 4/vendor/laravel/framework/src/Illuminate/Cookie/Middleware/AddQueuedCookiesToResponse.php(37): Illuminate\\Pipeline\\Pipeline->{closure:{closure:Illuminate\\Pipeline\\Pipeline::carry():184}:185}(Object(Illuminate\\Http\\Request))
#52 /Users/izarhairulanam/Downloads/finance-tracker 4/vendor/laravel/framework/src/Illuminate/Pipeline/Pipeline.php(209): Illuminate\\Cookie\\Middleware\\AddQueuedCookiesToResponse->handle(Object(Illuminate\\Http\\Request), Object(Closure))
#53 /Users/izarhairulanam/Downloads/finance-tracker 4/vendor/laravel/framework/src/Illuminate/Cookie/Middleware/EncryptCookies.php(75): Illuminate\\Pipeline\\Pipeline->{closure:{closure:Illuminate\\Pipeline\\Pipeline::carry():184}:185}(Object(Illuminate\\Http\\Request))
#54 /Users/izarhairulanam/Downloads/finance-tracker 4/vendor/laravel/framework/src/Illuminate/Pipeline/Pipeline.php(209): Illuminate\\Cookie\\Middleware\\EncryptCookies->handle(Object(Illuminate\\Http\\Request), Object(Closure))
#55 /Users/izarhairulanam/Downloads/finance-tracker 4/vendor/laravel/framework/src/Illuminate/Pipeline/Pipeline.php(127): Illuminate\\Pipeline\\Pipeline->{closure:{closure:Illuminate\\Pipeline\\Pipeline::carry():184}:185}(Object(Illuminate\\Http\\Request))
#56 /Users/izarhairulanam/Downloads/finance-tracker 4/vendor/laravel/framework/src/Illuminate/Routing/Router.php(807): Illuminate\\Pipeline\\Pipeline->then(Object(Closure))
#57 /Users/izarhairulanam/Downloads/finance-tracker 4/vendor/laravel/framework/src/Illuminate/Routing/Router.php(786): Illuminate\\Routing\\Router->runRouteWithinStack(Object(Illuminate\\Routing\\Route), Object(Illuminate\\Http\\Request))
#58 /Users/izarhairulanam/Downloads/finance-tracker 4/vendor/laravel/framework/src/Illuminate/Routing/Router.php(750): Illuminate\\Routing\\Router->runRoute(Object(Illuminate\\Http\\Request), Object(Illuminate\\Routing\\Route))
#59 /Users/izarhairulanam/Downloads/finance-tracker 4/vendor/laravel/framework/src/Illuminate/Routing/Router.php(739): Illuminate\\Routing\\Router->dispatchToRoute(Object(Illuminate\\Http\\Request))
#60 /Users/izarhairulanam/Downloads/finance-tracker 4/vendor/laravel/framework/src/Illuminate/Foundation/Http/Kernel.php(201): Illuminate\\Routing\\Router->dispatch(Object(Illuminate\\Http\\Request))
#61 /Users/izarhairulanam/Downloads/finance-tracker 4/vendor/laravel/framework/src/Illuminate/Pipeline/Pipeline.php(170): Illuminate\\Foundation\\Http\\Kernel->{closure:Illuminate\\Foundation\\Http\\Kernel::dispatchToRouter():198}(Object(Illuminate\\Http\\Request))
#62 /Users/izarhairulanam/Downloads/finance-tracker 4/vendor/livewire/livewire/src/Features/SupportDisablingBackButtonCache/DisableBackButtonCacheMiddleware.php(19): Illuminate\\Pipeline\\Pipeline->{closure:Illuminate\\Pipeline\\Pipeline::prepareDestination():168}(Object(Illuminate\\Http\\Request))
#63 /Users/izarhairulanam/Downloads/finance-tracker 4/vendor/laravel/framework/src/Illuminate/Pipeline/Pipeline.php(209): Livewire\\Features\\SupportDisablingBackButtonCache\\DisableBackButtonCacheMiddleware->handle(Object(Illuminate\\Http\\Request), Object(Closure))
#64 /Users/izarhairulanam/Downloads/finance-tracker 4/vendor/laravel/framework/src/Illuminate/Foundation/Http/Middleware/TransformsRequest.php(21): Illuminate\\Pipeline\\Pipeline->{closure:{closure:Illuminate\\Pipeline\\Pipeline::carry():184}:185}(Object(Illuminate\\Http\\Request))
#65 /Users/izarhairulanam/Downloads/finance-tracker 4/vendor/laravel/framework/src/Illuminate/Foundation/Http/Middleware/ConvertEmptyStringsToNull.php(31): Illuminate\\Foundation\\Http\\Middleware\\TransformsRequest->handle(Object(Illuminate\\Http\\Request), Object(Closure))
#66 /Users/izarhairulanam/Downloads/finance-tracker 4/vendor/laravel/framework/src/Illuminate/Pipeline/Pipeline.php(209): Illuminate\\Foundation\\Http\\Middleware\\ConvertEmptyStringsToNull->handle(Object(Illuminate\\Http\\Request), Object(Closure))
#67 /Users/izarhairulanam/Downloads/finance-tracker 4/vendor/laravel/framework/src/Illuminate/Foundation/Http/Middleware/TransformsRequest.php(21): Illuminate\\Pipeline\\Pipeline->{closure:{closure:Illuminate\\Pipeline\\Pipeline::carry():184}:185}(Object(Illuminate\\Http\\Request))
#68 /Users/izarhairulanam/Downloads/finance-tracker 4/vendor/laravel/framework/src/Illuminate/Foundation/Http/Middleware/TrimStrings.php(51): Illuminate\\Foundation\\Http\\Middleware\\TransformsRequest->handle(Object(Illuminate\\Http\\Request), Object(Closure))
#69 /Users/izarhairulanam/Downloads/finance-tracker 4/vendor/laravel/framework/src/Illuminate/Pipeline/Pipeline.php(209): Illuminate\\Foundation\\Http\\Middleware\\TrimStrings->handle(Object(Illuminate\\Http\\Request), Object(Closure))
#70 /Users/izarhairulanam/Downloads/finance-tracker 4/vendor/laravel/framework/src/Illuminate/Http/Middleware/ValidatePostSize.php(27): Illuminate\\Pipeline\\Pipeline->{closure:{closure:Illuminate\\Pipeline\\Pipeline::carry():184}:185}(Object(Illuminate\\Http\\Request))
#71 /Users/izarhairulanam/Downloads/finance-tracker 4/vendor/laravel/framework/src/Illuminate/Pipeline/Pipeline.php(209): Illuminate\\Http\\Middleware\\ValidatePostSize->handle(Object(Illuminate\\Http\\Request), Object(Closure))
#72 /Users/izarhairulanam/Downloads/finance-tracker 4/vendor/laravel/framework/src/Illuminate/Foundation/Http/Middleware/PreventRequestsDuringMaintenance.php(110): Illuminate\\Pipeline\\Pipeline->{closure:{closure:Illuminate\\Pipeline\\Pipeline::carry():184}:185}(Object(Illuminate\\Http\\Request))
#73 /Users/izarhairulanam/Downloads/finance-tracker 4/vendor/laravel/framework/src/Illuminate/Pipeline/Pipeline.php(209): Illuminate\\Foundation\\Http\\Middleware\\PreventRequestsDuringMaintenance->handle(Object(Illuminate\\Http\\Request), Object(Closure))
#74 /Users/izarhairulanam/Downloads/finance-tracker 4/vendor/laravel/framework/src/Illuminate/Http/Middleware/HandleCors.php(49): Illuminate\\Pipeline\\Pipeline->{closure:{closure:Illuminate\\Pipeline\\Pipeline::carry():184}:185}(Object(Illuminate\\Http\\Request))
#75 /Users/izarhairulanam/Downloads/finance-tracker 4/vendor/laravel/framework/src/Illuminate/Pipeline/Pipeline.php(209): Illuminate\\Http\\Middleware\\HandleCors->handle(Object(Illuminate\\Http\\Request), Object(Closure))
#76 /Users/izarhairulanam/Downloads/finance-tracker 4/vendor/laravel/framework/src/Illuminate/Http/Middleware/TrustProxies.php(58): Illuminate\\Pipeline\\Pipeline->{closure:{closure:Illuminate\\Pipeline\\Pipeline::carry():184}:185}(Object(Illuminate\\Http\\Request))
#77 /Users/izarhairulanam/Downloads/finance-tracker 4/vendor/laravel/framework/src/Illuminate/Pipeline/Pipeline.php(209): Illuminate\\Http\\Middleware\\TrustProxies->handle(Object(Illuminate\\Http\\Request), Object(Closure))
#78 /Users/izarhairulanam/Downloads/finance-tracker 4/vendor/laravel/framework/src/Illuminate/Foundation/Http/Middleware/InvokeDeferredCallbacks.php(22): Illuminate\\Pipeline\\Pipeline->{closure:{closure:Illuminate\\Pipeline\\Pipeline::carry():184}:185}(Object(Illuminate\\Http\\Request))
#79 /Users/izarhairulanam/Downloads/finance-tracker 4/vendor/laravel/framework/src/Illuminate/Pipeline/Pipeline.php(209): Illuminate\\Foundation\\Http\\Middleware\\InvokeDeferredCallbacks->handle(Object(Illuminate\\Http\\Request), Object(Closure))
#80 /Users/izarhairulanam/Downloads/finance-tracker 4/vendor/laravel/framework/src/Illuminate/Pipeline/Pipeline.php(127): Illuminate\\Pipeline\\Pipeline->{closure:{closure:Illuminate\\Pipeline\\Pipeline::carry():184}:185}(Object(Illuminate\\Http\\Request))
#81 /Users/izarhairulanam/Downloads/finance-tracker 4/vendor/laravel/framework/src/Illuminate/Foundation/Http/Kernel.php(176): Illuminate\\Pipeline\\Pipeline->then(Object(Closure))
#82 /Users/izarhairulanam/Downloads/finance-tracker 4/vendor/laravel/framework/src/Illuminate/Foundation/Http/Kernel.php(145): Illuminate\\Foundation\\Http\\Kernel->sendRequestThroughRouter(Object(Illuminate\\Http\\Request))
#83 /Users/izarhairulanam/Downloads/finance-tracker 4/vendor/laravel/framework/src/Illuminate/Foundation/Application.php(1220): Illuminate\\Foundation\\Http\\Kernel->handle(Object(Illuminate\\Http\\Request))
#84 /Users/izarhairulanam/Downloads/finance-tracker 4/public/index.php(17): Illuminate\\Foundation\\Application->handleRequest(Object(Illuminate\\Http\\Request))
#85 /Users/izarhairulanam/Downloads/finance-tracker 4/vendor/laravel/framework/src/Illuminate/Foundation/resources/server.php(23): require_once('/Users/izarhair...')
#86 {main}

[previous exception] [object] (ErrorException(code: 0): Undefined variable $notifications at /Users/izarhairulanam/Downloads/finance-tracker 4/storage/framework/views/1973fd35f4b5d5df459e6de32d30bed8.php:2)
[stacktrace]
#0 /Users/izarhairulanam/Downloads/finance-tracker 4/vendor/laravel/framework/src/Illuminate/Foundation/Bootstrap/HandleExceptions.php(258): Illuminate\\Foundation\\Bootstrap\\HandleExceptions->handleError(2, 'Undefined varia...', '/Users/izarhair...', 2)
#1 /Users/izarhairulanam/Downloads/finance-tracker 4/storage/framework/views/1973fd35f4b5d5df459e6de32d30bed8.php(2): Illuminate\\Foundation\\Bootstrap\\HandleExceptions->{closure:Illuminate\\Foundation\\Bootstrap\\HandleExceptions::forwardsTo():257}(2, 'Undefined varia...', '/Users/izarhair...', 2)
#2 /Users/izarhairulanam/Downloads/finance-tracker 4/vendor/livewire/livewire/src/Mechanisms/ExtendBlade/ExtendedCompilerEngine.php(37): include('/Users/izarhair...')
#3 /Users/izarhairulanam/Downloads/finance-tracker 4/vendor/livewire/livewire/src/Mechanisms/ExtendBlade/ExtendedCompilerEngine.php(38): App\\Http\\Livewire\\Notification->{closure:Livewire\\Mechanisms\\ExtendBlade\\ExtendedCompilerEngine::evaluatePath():35}()
#4 /Users/izarhairulanam/Downloads/finance-tracker 4/vendor/laravel/framework/src/Illuminate/View/Engines/CompilerEngine.php(75): Livewire\\Mechanisms\\ExtendBlade\\ExtendedCompilerEngine->evaluatePath('/Users/izarhair...', Array)
#5 /Users/izarhairulanam/Downloads/finance-tracker 4/vendor/livewire/livewire/src/Mechanisms/ExtendBlade/ExtendedCompilerEngine.php(16): Illuminate\\View\\Engines\\CompilerEngine->get('/Users/izarhair...', Array)
#6 /Users/izarhairulanam/Downloads/finance-tracker 4/vendor/laravel/framework/src/Illuminate/View/View.php(209): Livewire\\Mechanisms\\ExtendBlade\\ExtendedCompilerEngine->get('/Users/izarhair...', Array)
#7 /Users/izarhairulanam/Downloads/finance-tracker 4/vendor/laravel/framework/src/Illuminate/View/View.php(192): Illuminate\\View\\View->getContents()
#8 /Users/izarhairulanam/Downloads/finance-tracker 4/vendor/laravel/framework/src/Illuminate/View/View.php(161): Illuminate\\View\\View->renderContents()
#9 /Users/izarhairulanam/Downloads/finance-tracker 4/vendor/livewire/livewire/src/Mechanisms/HandleComponents/HandleComponents.php(282): Illuminate\\View\\View->render(Object(Closure))
#10 /Users/izarhairulanam/Downloads/finance-tracker 4/vendor/livewire/livewire/src/Mechanisms/HandleComponents/HandleComponents.php(326): Livewire\\Mechanisms\\HandleComponents\\HandleComponents->{closure:Livewire\\Mechanisms\\HandleComponents\\HandleComponents::render():274}()
#11 /Users/izarhairulanam/Downloads/finance-tracker 4/vendor/livewire/livewire/src/Mechanisms/HandleComponents/HandleComponents.php(274): Livewire\\Mechanisms\\HandleComponents\\HandleComponents->trackInRenderStack(Object(App\\Http\\Livewire\\Notification), Object(Closure))
#12 /Users/izarhairulanam/Downloads/finance-tracker 4/vendor/livewire/livewire/src/Mechanisms/HandleComponents/HandleComponents.php(54): Livewire\\Mechanisms\\HandleComponents\\HandleComponents->render(Object(App\\Http\\Livewire\\Notification), '<div></div>')
#13 /Users/izarhairulanam/Downloads/finance-tracker 4/vendor/livewire/livewire/src/LivewireManager.php(73): Livewire\\Mechanisms\\HandleComponents\\HandleComponents->mount('notification', Array, 'lw-136175984-0')
#14 /Users/izarhairulanam/Downloads/finance-tracker 4/storage/framework/views/817d18588b3fa3a002a99e596e1d038f.php(224): Livewire\\LivewireManager->mount('notification', Array, 'lw-136175984-0')
#15 /Users/izarhairulanam/Downloads/finance-tracker 4/vendor/laravel/framework/src/Illuminate/Filesystem/Filesystem.php(123): require('/Users/izarhair...')
#16 /Users/izarhairulanam/Downloads/finance-tracker 4/vendor/laravel/framework/src/Illuminate/Filesystem/Filesystem.php(124): Illuminate\\Filesystem\\Filesystem::{closure:Illuminate\\Filesystem\\Filesystem::getRequire():120}()
#17 /Users/izarhairulanam/Downloads/finance-tracker 4/vendor/laravel/framework/src/Illuminate/View/Engines/PhpEngine.php(58): Illuminate\\Filesystem\\Filesystem->getRequire('/Users/izarhair...', Array)
#18 /Users/izarhairulanam/Downloads/finance-tracker 4/vendor/livewire/livewire/src/Mechanisms/ExtendBlade/ExtendedCompilerEngine.php(22): Illuminate\\View\\Engines\\PhpEngine->evaluatePath('/Users/izarhair...', Array)
#19 /Users/izarhairulanam/Downloads/finance-tracker 4/vendor/laravel/framework/src/Illuminate/View/Engines/CompilerEngine.php(75): Livewire\\Mechanisms\\ExtendBlade\\ExtendedCompilerEngine->evaluatePath('/Users/izarhair...', Array)
#20 /Users/izarhairulanam/Downloads/finance-tracker 4/vendor/livewire/livewire/src/Mechanisms/ExtendBlade/ExtendedCompilerEngine.php(10): Illuminate\\View\\Engines\\CompilerEngine->get('/Users/izarhair...', Array)
#21 /Users/izarhairulanam/Downloads/finance-tracker 4/vendor/laravel/framework/src/Illuminate/View/View.php(209): Livewire\\Mechanisms\\ExtendBlade\\ExtendedCompilerEngine->get('/Users/izarhair...', Array)
#22 /Users/izarhairulanam/Downloads/finance-tracker 4/vendor/laravel/framework/src/Illuminate/View/View.php(192): Illuminate\\View\\View->getContents()
#23 /Users/izarhairulanam/Downloads/finance-tracker 4/vendor/laravel/framework/src/Illuminate/View/View.php(161): Illuminate\\View\\View->renderContents()
#24 /Users/izarhairulanam/Downloads/finance-tracker 4/vendor/laravel/framework/src/Illuminate/View/Concerns/ManagesComponents.php(103): Illuminate\\View\\View->render()
#25 /Users/izarhairulanam/Downloads/finance-tracker 4/storage/framework/views/7e0151e6d654b77c3ff7a445e1fe7b74.php(17): Illuminate\\View\\Factory->renderComponent()
#26 /Users/izarhairulanam/Downloads/finance-tracker 4/vendor/laravel/framework/src/Illuminate/Filesystem/Filesystem.php(123): require('/Users/izarhair...')
#27 /Users/izarhairulanam/Downloads/finance-tracker 4/vendor/laravel/framework/src/Illuminate/Filesystem/Filesystem.php(124): Illuminate\\Filesystem\\Filesystem::{closure:Illuminate\\Filesystem\\Filesystem::getRequire():120}()
#28 /Users/izarhairulanam/Downloads/finance-tracker 4/vendor/laravel/framework/src/Illuminate/View/Engines/PhpEngine.php(58): Illuminate\\Filesystem\\Filesystem->getRequire('/Users/izarhair...', Array)
#29 /Users/izarhairulanam/Downloads/finance-tracker 4/vendor/livewire/livewire/src/Mechanisms/ExtendBlade/ExtendedCompilerEngine.php(22): Illuminate\\View\\Engines\\PhpEngine->evaluatePath('/Users/izarhair...', Array)
#30 /Users/izarhairulanam/Downloads/finance-tracker 4/vendor/laravel/framework/src/Illuminate/View/Engines/CompilerEngine.php(75): Livewire\\Mechanisms\\ExtendBlade\\ExtendedCompilerEngine->evaluatePath('/Users/izarhair...', Array)
#31 /Users/izarhairulanam/Downloads/finance-tracker 4/vendor/livewire/livewire/src/Mechanisms/ExtendBlade/ExtendedCompilerEngine.php(10): Illuminate\\View\\Engines\\CompilerEngine->get('/Users/izarhair...', Array)
#32 /Users/izarhairulanam/Downloads/finance-tracker 4/vendor/laravel/framework/src/Illuminate/View/View.php(209): Livewire\\Mechanisms\\ExtendBlade\\ExtendedCompilerEngine->get('/Users/izarhair...', Array)
#33 /Users/izarhairulanam/Downloads/finance-tracker 4/vendor/laravel/framework/src/Illuminate/View/View.php(192): Illuminate\\View\\View->getContents()
#34 /Users/izarhairulanam/Downloads/finance-tracker 4/vendor/laravel/framework/src/Illuminate/View/View.php(161): Illuminate\\View\\View->renderContents()
#35 /Users/izarhairulanam/Downloads/finance-tracker 4/vendor/laravel/framework/src/Illuminate/View/Compilers/BladeCompiler.php(337): Illuminate\\View\\View->render()
#36 /Users/izarhairulanam/Downloads/finance-tracker 4/vendor/laravel/framework/src/Illuminate/Support/Facades/Facade.php(361): Illuminate\\View\\Compilers\\BladeCompiler::render('    <?php $layo...', Array)
#37 /Users/izarhairulanam/Downloads/finance-tracker 4/vendor/livewire/livewire/src/Features/SupportPageComponents/SupportPageComponents.php(153): Illuminate\\Support\\Facades\\Facade::__callStatic('render', Array)
#38 /Users/izarhairulanam/Downloads/finance-tracker 4/vendor/livewire/livewire/src/Features/SupportPageComponents/HandlesPageComponents.php(24): Livewire\\Features\\SupportPageComponents\\SupportPageComponents::renderContentsIntoLayout('<div wire:snaps...', Object(Livewire\\Features\\SupportPageComponents\\PageComponentConfig))
#39 /Users/izarhairulanam/Downloads/finance-tracker 4/vendor/laravel/framework/src/Illuminate/Routing/ControllerDispatcher.php(47): Livewire\\Component->__invoke()
#40 /Users/izarhairulanam/Downloads/finance-tracker 4/vendor/laravel/framework/src/Illuminate/Routing/Route.php(266): Illuminate\\Routing\\ControllerDispatcher->dispatch(Object(Illuminate\\Routing\\Route), Object(App\\Livewire\\Dashboard), '__invoke')
#41 /Users/izarhairulanam/Downloads/finance-tracker 4/vendor/laravel/framework/src/Illuminate/Routing/Route.php(212): Illuminate\\Routing\\Route->runController()
#42 /Users/izarhairulanam/Downloads/finance-tracker 4/vendor/laravel/framework/src/Illuminate/Routing/Router.php(808): Illuminate\\Routing\\Route->run()
#43 /Users/izarhairulanam/Downloads/finance-tracker 4/vendor/laravel/framework/src/Illuminate/Pipeline/Pipeline.php(170): Illuminate\\Routing\\Router->{closure:Illuminate\\Routing\\Router::runRouteWithinStack():807}(Object(Illuminate\\Http\\Request))
#44 /Users/izarhairulanam/Downloads/finance-tracker 4/vendor/laravel/framework/src/Illuminate/Routing/Middleware/SubstituteBindings.php(51): Illuminate\\Pipeline\\Pipeline->{closure:Illuminate\\Pipeline\\Pipeline::prepareDestination():168}(Object(Illuminate\\Http\\Request))
#45 /Users/izarhairulanam/Downloads/finance-tracker 4/vendor/laravel/framework/src/Illuminate/Pipeline/Pipeline.php(209): Illuminate\\Routing\\Middleware\\SubstituteBindings->handle(Object(Illuminate\\Http\\Request), Object(Closure))
#46 /Users/izarhairulanam/Downloads/finance-tracker 4/vendor/laravel/framework/src/Illuminate/Foundation/Http/Middleware/VerifyCsrfToken.php(88): Illuminate\\Pipeline\\Pipeline->{closure:{closure:Illuminate\\Pipeline\\Pipeline::carry():184}:185}(Object(Illuminate\\Http\\Request))
#47 /Users/izarhairulanam/Downloads/finance-tracker 4/vendor/laravel/framework/src/Illuminate/Pipeline/Pipeline.php(209): Illuminate\\Foundation\\Http\\Middleware\\VerifyCsrfToken->handle(Object(Illuminate\\Http\\Request), Object(Closure))
#48 /Users/izarhairulanam/Downloads/finance-tracker 4/vendor/laravel/framework/src/Illuminate/View/Middleware/ShareErrorsFromSession.php(49): Illuminate\\Pipeline\\Pipeline->{closure:{closure:Illuminate\\Pipeline\\Pipeline::carry():184}:185}(Object(Illuminate\\Http\\Request))
#49 /Users/izarhairulanam/Downloads/finance-tracker 4/vendor/laravel/framework/src/Illuminate/Pipeline/Pipeline.php(209): Illuminate\\View\\Middleware\\ShareErrorsFromSession->handle(Object(Illuminate\\Http\\Request), Object(Closure))
#50 /Users/izarhairulanam/Downloads/finance-tracker 4/vendor/laravel/framework/src/Illuminate/Session/Middleware/StartSession.php(121): Illuminate\\Pipeline\\Pipeline->{closure:{closure:Illuminate\\Pipeline\\Pipeline::carry():184}:185}(Object(Illuminate\\Http\\Request))
#51 /Users/izarhairulanam/Downloads/finance-tracker 4/vendor/laravel/framework/src/Illuminate/Session/Middleware/StartSession.php(64): Illuminate\\Session\\Middleware\\StartSession->handleStatefulRequest(Object(Illuminate\\Http\\Request), Object(Illuminate\\Session\\Store), Object(Closure))
#52 /Users/izarhairulanam/Downloads/finance-tracker 4/vendor/laravel/framework/src/Illuminate/Pipeline/Pipeline.php(209): Illuminate\\Session\\Middleware\\StartSession->handle(Object(Illuminate\\Http\\Request), Object(Closure))
#53 /Users/izarhairulanam/Downloads/finance-tracker 4/vendor/laravel/framework/src/Illuminate/Cookie/Middleware/AddQueuedCookiesToResponse.php(37): Illuminate\\Pipeline\\Pipeline->{closure:{closure:Illuminate\\Pipeline\\Pipeline::carry():184}:185}(Object(Illuminate\\Http\\Request))
#54 /Users/izarhairulanam/Downloads/finance-tracker 4/vendor/laravel/framework/src/Illuminate/Pipeline/Pipeline.php(209): Illuminate\\Cookie\\Middleware\\AddQueuedCookiesToResponse->handle(Object(Illuminate\\Http\\Request), Object(Closure))
#55 /Users/izarhairulanam/Downloads/finance-tracker 4/vendor/laravel/framework/src/Illuminate/Cookie/Middleware/EncryptCookies.php(75): Illuminate\\Pipeline\\Pipeline->{closure:{closure:Illuminate\\Pipeline\\Pipeline::carry():184}:185}(Object(Illuminate\\Http\\Request))
#56 /Users/izarhairulanam/Downloads/finance-tracker 4/vendor/laravel/framework/src/Illuminate/Pipeline/Pipeline.php(209): Illuminate\\Cookie\\Middleware\\EncryptCookies->handle(Object(Illuminate\\Http\\Request), Object(Closure))
#57 /Users/izarhairulanam/Downloads/finance-tracker 4/vendor/laravel/framework/src/Illuminate/Pipeline/Pipeline.php(127): Illuminate\\Pipeline\\Pipeline->{closure:{closure:Illuminate\\Pipeline\\Pipeline::carry():184}:185}(Object(Illuminate\\Http\\Request))
#58 /Users/izarhairulanam/Downloads/finance-tracker 4/vendor/laravel/framework/src/Illuminate/Routing/Router.php(807): Illuminate\\Pipeline\\Pipeline->then(Object(Closure))
#59 /Users/izarhairulanam/Downloads/finance-tracker 4/vendor/laravel/framework/src/Illuminate/Routing/Router.php(786): Illuminate\\Routing\\Router->runRouteWithinStack(Object(Illuminate\\Routing\\Route), Object(Illuminate\\Http\\Request))
#60 /Users/izarhairulanam/Downloads/finance-tracker 4/vendor/laravel/framework/src/Illuminate/Routing/Router.php(750): Illuminate\\Routing\\Router->runRoute(Object(Illuminate\\Http\\Request), Object(Illuminate\\Routing\\Route))
#61 /Users/izarhairulanam/Downloads/finance-tracker 4/vendor/laravel/framework/src/Illuminate/Routing/Router.php(739): Illuminate\\Routing\\Router->dispatchToRoute(Object(Illuminate\\Http\\Request))
#62 /Users/izarhairulanam/Downloads/finance-tracker 4/vendor/laravel/framework/src/Illuminate/Foundation/Http/Kernel.php(201): Illuminate\\Routing\\Router->dispatch(Object(Illuminate\\Http\\Request))
#63 /Users/izarhairulanam/Downloads/finance-tracker 4/vendor/laravel/framework/src/Illuminate/Pipeline/Pipeline.php(170): Illuminate\\Foundation\\Http\\Kernel->{closure:Illuminate\\Foundation\\Http\\Kernel::dispatchToRouter():198}(Object(Illuminate\\Http\\Request))
#64 /Users/izarhairulanam/Downloads/finance-tracker 4/vendor/livewire/livewire/src/Features/SupportDisablingBackButtonCache/DisableBackButtonCacheMiddleware.php(19): Illuminate\\Pipeline\\Pipeline->{closure:Illuminate\\Pipeline\\Pipeline::prepareDestination():168}(Object(Illuminate\\Http\\Request))
#65 /Users/izarhairulanam/Downloads/finance-tracker 4/vendor/laravel/framework/src/Illuminate/Pipeline/Pipeline.php(209): Livewire\\Features\\SupportDisablingBackButtonCache\\DisableBackButtonCacheMiddleware->handle(Object(Illuminate\\Http\\Request), Object(Closure))
#66 /Users/izarhairulanam/Downloads/finance-tracker 4/vendor/laravel/framework/src/Illuminate/Foundation/Http/Middleware/TransformsRequest.php(21): Illuminate\\Pipeline\\Pipeline->{closure:{closure:Illuminate\\Pipeline\\Pipeline::carry():184}:185}(Object(Illuminate\\Http\\Request))
#67 /Users/izarhairulanam/Downloads/finance-tracker 4/vendor/laravel/framework/src/Illuminate/Foundation/Http/Middleware/ConvertEmptyStringsToNull.php(31): Illuminate\\Foundation\\Http\\Middleware\\TransformsRequest->handle(Object(Illuminate\\Http\\Request), Object(Closure))
#68 /Users/izarhairulanam/Downloads/finance-tracker 4/vendor/laravel/framework/src/Illuminate/Pipeline/Pipeline.php(209): Illuminate\\Foundation\\Http\\Middleware\\ConvertEmptyStringsToNull->handle(Object(Illuminate\\Http\\Request), Object(Closure))
#69 /Users/izarhairulanam/Downloads/finance-tracker 4/vendor/laravel/framework/src/Illuminate/Foundation/Http/Middleware/TransformsRequest.php(21): Illuminate\\Pipeline\\Pipeline->{closure:{closure:Illuminate\\Pipeline\\Pipeline::carry():184}:185}(Object(Illuminate\\Http\\Request))
#70 /Users/izarhairulanam/Downloads/finance-tracker 4/vendor/laravel/framework/src/Illuminate/Foundation/Http/Middleware/TrimStrings.php(51): Illuminate\\Foundation\\Http\\Middleware\\TransformsRequest->handle(Object(Illuminate\\Http\\Request), Object(Closure))
#71 /Users/izarhairulanam/Downloads/finance-tracker 4/vendor/laravel/framework/src/Illuminate/Pipeline/Pipeline.php(209): Illuminate\\Foundation\\Http\\Middleware\\TrimStrings->handle(Object(Illuminate\\Http\\Request), Object(Closure))
#72 /Users/izarhairulanam/Downloads/finance-tracker 4/vendor/laravel/framework/src/Illuminate/Http/Middleware/ValidatePostSize.php(27): Illuminate\\Pipeline\\Pipeline->{closure:{closure:Illuminate\\Pipeline\\Pipeline::carry():184}:185}(Object(Illuminate\\Http\\Request))
#73 /Users/izarhairulanam/Downloads/finance-tracker 4/vendor/laravel/framework/src/Illuminate/Pipeline/Pipeline.php(209): Illuminate\\Http\\Middleware\\ValidatePostSize->handle(Object(Illuminate\\Http\\Request), Object(Closure))
#74 /Users/izarhairulanam/Downloads/finance-tracker 4/vendor/laravel/framework/src/Illuminate/Foundation/Http/Middleware/PreventRequestsDuringMaintenance.php(110): Illuminate\\Pipeline\\Pipeline->{closure:{closure:Illuminate\\Pipeline\\Pipeline::carry():184}:185}(Object(Illuminate\\Http\\Request))
#75 /Users/izarhairulanam/Downloads/finance-tracker 4/vendor/laravel/framework/src/Illuminate/Pipeline/Pipeline.php(209): Illuminate\\Foundation\\Http\\Middleware\\PreventRequestsDuringMaintenance->handle(Object(Illuminate\\Http\\Request), Object(Closure))
#76 /Users/izarhairulanam/Downloads/finance-tracker 4/vendor/laravel/framework/src/Illuminate/Http/Middleware/HandleCors.php(49): Illuminate\\Pipeline\\Pipeline->{closure:{closure:Illuminate\\Pipeline\\Pipeline::carry():184}:185}(Object(Illuminate\\Http\\Request))
#77 /Users/izarhairulanam/Downloads/finance-tracker 4/vendor/laravel/framework/src/Illuminate/Pipeline/Pipeline.php(209): Illuminate\\Http\\Middleware\\HandleCors->handle(Object(Illuminate\\Http\\Request), Object(Closure))
#78 /Users/izarhairulanam/Downloads/finance-tracker 4/vendor/laravel/framework/src/Illuminate/Http/Middleware/TrustProxies.php(58): Illuminate\\Pipeline\\Pipeline->{closure:{closure:Illuminate\\Pipeline\\Pipeline::carry():184}:185}(Object(Illuminate\\Http\\Request))
#79 /Users/izarhairulanam/Downloads/finance-tracker 4/vendor/laravel/framework/src/Illuminate/Pipeline/Pipeline.php(209): Illuminate\\Http\\Middleware\\TrustProxies->handle(Object(Illuminate\\Http\\Request), Object(Closure))
#80 /Users/izarhairulanam/Downloads/finance-tracker 4/vendor/laravel/framework/src/Illuminate/Foundation/Http/Middleware/InvokeDeferredCallbacks.php(22): Illuminate\\Pipeline\\Pipeline->{closure:{closure:Illuminate\\Pipeline\\Pipeline::carry():184}:185}(Object(Illuminate\\Http\\Request))
#81 /Users/izarhairulanam/Downloads/finance-tracker 4/vendor/laravel/framework/src/Illuminate/Pipeline/Pipeline.php(209): Illuminate\\Foundation\\Http\\Middleware\\InvokeDeferredCallbacks->handle(Object(Illuminate\\Http\\Request), Object(Closure))
#82 /Users/izarhairulanam/Downloads/finance-tracker 4/vendor/laravel/framework/src/Illuminate/Pipeline/Pipeline.php(127): Illuminate\\Pipeline\\Pipeline->{closure:{closure:Illuminate\\Pipeline\\Pipeline::carry():184}:185}(Object(Illuminate\\Http\\Request))
#83 /Users/izarhairulanam/Downloads/finance-tracker 4/vendor/laravel/framework/src/Illuminate/Foundation/Http/Kernel.php(176): Illuminate\\Pipeline\\Pipeline->then(Object(Closure))
#84 /Users/izarhairulanam/Downloads/finance-tracker 4/vendor/laravel/framework/src/Illuminate/Foundation/Http/Kernel.php(145): Illuminate\\Foundation\\Http\\Kernel->sendRequestThroughRouter(Object(Illuminate\\Http\\Request))
#85 /Users/izarhairulanam/Downloads/finance-tracker 4/vendor/laravel/framework/src/Illuminate/Foundation/Application.php(1220): Illuminate\\Foundation\\Http\\Kernel->handle(Object(Illuminate\\Http\\Request))
#86 /Users/izarhairulanam/Downloads/finance-tracker 4/public/index.php(17): Illuminate\\Foundation\\Application->handleRequest(Object(Illuminate\\Http\\Request))
#87 /Users/izarhairulanam/Downloads/finance-tracker 4/vendor/laravel/framework/src/Illuminate/Foundation/resources/server.php(23): require_once('/Users/izarhair...')
#88 {main}
"} 
[2026-05-14 17:27:29] local.ERROR: There are no commands defined in the "views" namespace.

Did you mean this?
    view {"exception":"[object] (Symfony\\Component\\Console\\Exception\\NamespaceNotFoundException(code: 0): There are no commands defined in the \"views\" namespace.

Did you mean this?
    view at /Users/izarhairulanam/Downloads/finance-tracker 5/vendor/symfony/console/Application.php:694)
[stacktrace]
#0 /Users/izarhairulanam/Downloads/finance-tracker 5/vendor/symfony/console/Application.php(743): Symfony\\Component\\Console\\Application->findNamespace('views')
#1 /Users/izarhairulanam/Downloads/finance-tracker 5/vendor/symfony/console/Application.php(298): Symfony\\Component\\Console\\Application->find('views:clear')
#2 /Users/izarhairulanam/Downloads/finance-tracker 5/vendor/symfony/console/Application.php(195): Symfony\\Component\\Console\\Application->doRun(Object(Symfony\\Component\\Console\\Input\\ArgvInput), Object(Symfony\\Component\\Console\\Output\\ConsoleOutput))
#3 /Users/izarhairulanam/Downloads/finance-tracker 5/vendor/laravel/framework/src/Illuminate/Foundation/Console/Kernel.php(198): Symfony\\Component\\Console\\Application->run(Object(Symfony\\Component\\Console\\Input\\ArgvInput), Object(Symfony\\Component\\Console\\Output\\ConsoleOutput))
#4 /Users/izarhairulanam/Downloads/finance-tracker 5/artisan(15): Illuminate\\Foundation\\Console\\Kernel->handle(Object(Symfony\\Component\\Console\\Input\\ArgvInput), Object(Symfony\\Component\\Console\\Output\\ConsoleOutput))
#5 {main}
"} 
[2026-05-18 10:12:16] local.ERROR: Property [$monthlyIncome] not found on component: [transactions] {"userId":3,"exception":"[object] (Livewire\\Exceptions\\PropertyNotFoundException(code: 0): Property [$monthlyIncome] not found on component: [transactions] at /Users/izarhairulanam/Downloads/finance-tracker-responsive 7/vendor/livewire/livewire/src/Component.php:107)
[stacktrace]
#0 /Users/izarhairulanam/Downloads/finance-tracker-responsive 7/storage/framework/views/416d31e9880ac1c5cfd7d471d4190c10.php(10): Livewire\\Component->__get('monthlyIncome')
#1 /Users/izarhairulanam/Downloads/finance-tracker-responsive 7/vendor/livewire/livewire/src/Mechanisms/ExtendBlade/ExtendedCompilerEngine.php(37): include('/Users/izarhair...')
#2 /Users/izarhairulanam/Downloads/finance-tracker-responsive 7/vendor/livewire/livewire/src/Mechanisms/ExtendBlade/ExtendedCompilerEngine.php(38): App\\Livewire\\Transactions->{closure:Livewire\\Mechanisms\\ExtendBlade\\ExtendedCompilerEngine::evaluatePath():35}()
#3 /Users/izarhairulanam/Downloads/finance-tracker-responsive 7/vendor/laravel/framework/src/Illuminate/View/Engines/CompilerEngine.php(75): Livewire\\Mechanisms\\ExtendBlade\\ExtendedCompilerEngine->evaluatePath('/Users/izarhair...', Array)
#4 /Users/izarhairulanam/Downloads/finance-tracker-responsive 7/vendor/livewire/livewire/src/Mechanisms/ExtendBlade/ExtendedCompilerEngine.php(16): Illuminate\\View\\Engines\\CompilerEngine->get('/Users/izarhair...', Array)
#5 /Users/izarhairulanam/Downloads/finance-tracker-responsive 7/vendor/laravel/framework/src/Illuminate/View/View.php(209): Livewire\\Mechanisms\\ExtendBlade\\ExtendedCompilerEngine->get('/Users/izarhair...', Array)
#6 /Users/izarhairulanam/Downloads/finance-tracker-responsive 7/vendor/laravel/framework/src/Illuminate/View/View.php(192): Illuminate\\View\\View->getContents()
#7 /Users/izarhairulanam/Downloads/finance-tracker-responsive 7/vendor/laravel/framework/src/Illuminate/View/View.php(161): Illuminate\\View\\View->renderContents()
#8 /Users/izarhairulanam/Downloads/finance-tracker-responsive 7/vendor/livewire/livewire/src/Mechanisms/HandleComponents/HandleComponents.php(282): Illuminate\\View\\View->render(Object(Closure))
#9 /Users/izarhairulanam/Downloads/finance-tracker-responsive 7/vendor/livewire/livewire/src/Mechanisms/HandleComponents/HandleComponents.php(326): Livewire\\Mechanisms\\HandleComponents\\HandleComponents->{closure:Livewire\\Mechanisms\\HandleComponents\\HandleComponents::render():274}()
#10 /Users/izarhairulanam/Downloads/finance-tracker-responsive 7/vendor/livewire/livewire/src/Mechanisms/HandleComponents/HandleComponents.php(274): Livewire\\Mechanisms\\HandleComponents\\HandleComponents->trackInRenderStack(Object(App\\Livewire\\Transactions), Object(Closure))
#11 /Users/izarhairulanam/Downloads/finance-tracker-responsive 7/vendor/livewire/livewire/src/Mechanisms/HandleComponents/HandleComponents.php(54): Livewire\\Mechanisms\\HandleComponents\\HandleComponents->render(Object(App\\Livewire\\Transactions), '<div></div>')
#12 /Users/izarhairulanam/Downloads/finance-tracker-responsive 7/vendor/livewire/livewire/src/LivewireManager.php(73): Livewire\\Mechanisms\\HandleComponents\\HandleComponents->mount('App\\\\Livewire\\\\Tr...', Array, NULL)
#13 /Users/izarhairulanam/Downloads/finance-tracker-responsive 7/vendor/livewire/livewire/src/Features/SupportPageComponents/HandlesPageComponents.php(17): Livewire\\LivewireManager->mount('App\\\\Livewire\\\\Tr...', Array)
#14 /Users/izarhairulanam/Downloads/finance-tracker-responsive 7/vendor/livewire/livewire/src/Features/SupportPageComponents/SupportPageComponents.php(117): Livewire\\Component->{closure:Livewire\\Features\\SupportPageComponents\\HandlesPageComponents::__invoke():14}()
#15 /Users/izarhairulanam/Downloads/finance-tracker-responsive 7/vendor/livewire/livewire/src/Features/SupportPageComponents/HandlesPageComponents.php(14): Livewire\\Features\\SupportPageComponents\\SupportPageComponents::interceptTheRenderOfTheComponentAndRetreiveTheLayoutConfiguration(Object(Closure))
#16 /Users/izarhairulanam/Downloads/finance-tracker-responsive 7/vendor/laravel/framework/src/Illuminate/Routing/ControllerDispatcher.php(47): Livewire\\Component->__invoke()
#17 /Users/izarhairulanam/Downloads/finance-tracker-responsive 7/vendor/laravel/framework/src/Illuminate/Routing/Route.php(266): Illuminate\\Routing\\ControllerDispatcher->dispatch(Object(Illuminate\\Routing\\Route), Object(App\\Livewire\\Transactions), '__invoke')
#18 /Users/izarhairulanam/Downloads/finance-tracker-responsive 7/vendor/laravel/framework/src/Illuminate/Routing/Route.php(212): Illuminate\\Routing\\Route->runController()
#19 /Users/izarhairulanam/Downloads/finance-tracker-responsive 7/vendor/laravel/framework/src/Illuminate/Routing/Router.php(808): Illuminate\\Routing\\Route->run()
#20 /Users/izarhairulanam/Downloads/finance-tracker-responsive 7/vendor/laravel/framework/src/Illuminate/Pipeline/Pipeline.php(170): Illuminate\\Routing\\Router->{closure:Illuminate\\Routing\\Router::runRouteWithinStack():807}(Object(Illuminate\\Http\\Request))
#21 /Users/izarhairulanam/Downloads/finance-tracker-responsive 7/vendor/laravel/framework/src/Illuminate/Routing/Middleware/SubstituteBindings.php(51): Illuminate\\Pipeline\\Pipeline->{closure:Illuminate\\Pipeline\\Pipeline::prepareDestination():168}(Object(Illuminate\\Http\\Request))
#22 /Users/izarhairulanam/Downloads/finance-tracker-responsive 7/vendor/laravel/framework/src/Illuminate/Pipeline/Pipeline.php(209): Illuminate\\Routing\\Middleware\\SubstituteBindings->handle(Object(Illuminate\\Http\\Request), Object(Closure))
#23 /Users/izarhairulanam/Downloads/finance-tracker-responsive 7/vendor/laravel/framework/src/Illuminate/Auth/Middleware/Authenticate.php(64): Illuminate\\Pipeline\\Pipeline->{closure:{closure:Illuminate\\Pipeline\\Pipeline::carry():184}:185}(Object(Illuminate\\Http\\Request))
#24 /Users/izarhairulanam/Downloads/finance-tracker-responsive 7/vendor/laravel/framework/src/Illuminate/Pipeline/Pipeline.php(209): Illuminate\\Auth\\Middleware\\Authenticate->handle(Object(Illuminate\\Http\\Request), Object(Closure))
#25 /Users/izarhairulanam/Downloads/finance-tracker-responsive 7/vendor/laravel/framework/src/Illuminate/Foundation/Http/Middleware/VerifyCsrfToken.php(88): Illuminate\\Pipeline\\Pipeline->{closure:{closure:Illuminate\\Pipeline\\Pipeline::carry():184}:185}(Object(Illuminate\\Http\\Request))
#26 /Users/izarhairulanam/Downloads/finance-tracker-responsive 7/vendor/laravel/framework/src/Illuminate/Pipeline/Pipeline.php(209): Illuminate\\Foundation\\Http\\Middleware\\VerifyCsrfToken->handle(Object(Illuminate\\Http\\Request), Object(Closure))
#27 /Users/izarhairulanam/Downloads/finance-tracker-responsive 7/vendor/laravel/framework/src/Illuminate/View/Middleware/ShareErrorsFromSession.php(49): Illuminate\\Pipeline\\Pipeline->{closure:{closure:Illuminate\\Pipeline\\Pipeline::carry():184}:185}(Object(Illuminate\\Http\\Request))
#28 /Users/izarhairulanam/Downloads/finance-tracker-responsive 7/vendor/laravel/framework/src/Illuminate/Pipeline/Pipeline.php(209): Illuminate\\View\\Middleware\\ShareErrorsFromSession->handle(Object(Illuminate\\Http\\Request), Object(Closure))
#29 /Users/izarhairulanam/Downloads/finance-tracker-responsive 7/vendor/laravel/framework/src/Illuminate/Session/Middleware/StartSession.php(121): Illuminate\\Pipeline\\Pipeline->{closure:{closure:Illuminate\\Pipeline\\Pipeline::carry():184}:185}(Object(Illuminate\\Http\\Request))
#30 /Users/izarhairulanam/Downloads/finance-tracker-responsive 7/vendor/laravel/framework/src/Illuminate/Session/Middleware/StartSession.php(64): Illuminate\\Session\\Middleware\\StartSession->handleStatefulRequest(Object(Illuminate\\Http\\Request), Object(Illuminate\\Session\\Store), Object(Closure))
#31 /Users/izarhairulanam/Downloads/finance-tracker-responsive 7/vendor/laravel/framework/src/Illuminate/Pipeline/Pipeline.php(209): Illuminate\\Session\\Middleware\\StartSession->handle(Object(Illuminate\\Http\\Request), Object(Closure))
#32 /Users/izarhairulanam/Downloads/finance-tracker-responsive 7/vendor/laravel/framework/src/Illuminate/Cookie/Middleware/AddQueuedCookiesToResponse.php(37): Illuminate\\Pipeline\\Pipeline->{closure:{closure:Illuminate\\Pipeline\\Pipeline::carry():184}:185}(Object(Illuminate\\Http\\Request))
#33 /Users/izarhairulanam/Downloads/finance-tracker-responsive 7/vendor/laravel/framework/src/Illuminate/Pipeline/Pipeline.php(209): Illuminate\\Cookie\\Middleware\\AddQueuedCookiesToResponse->handle(Object(Illuminate\\Http\\Request), Object(Closure))
#34 /Users/izarhairulanam/Downloads/finance-tracker-responsive 7/vendor/laravel/framework/src/Illuminate/Cookie/Middleware/EncryptCookies.php(75): Illuminate\\Pipeline\\Pipeline->{closure:{closure:Illuminate\\Pipeline\\Pipeline::carry():184}:185}(Object(Illuminate\\Http\\Request))
#35 /Users/izarhairulanam/Downloads/finance-tracker-responsive 7/vendor/laravel/framework/src/Illuminate/Pipeline/Pipeline.php(209): Illuminate\\Cookie\\Middleware\\EncryptCookies->handle(Object(Illuminate\\Http\\Request), Object(Closure))
#36 /Users/izarhairulanam/Downloads/finance-tracker-responsive 7/vendor/laravel/framework/src/Illuminate/Pipeline/Pipeline.php(127): Illuminate\\Pipeline\\Pipeline->{closure:{closure:Illuminate\\Pipeline\\Pipeline::carry():184}:185}(Object(Illuminate\\Http\\Request))
#37 /Users/izarhairulanam/Downloads/finance-tracker-responsive 7/vendor/laravel/framework/src/Illuminate/Routing/Router.php(807): Illuminate\\Pipeline\\Pipeline->then(Object(Closure))
#38 /Users/izarhairulanam/Downloads/finance-tracker-responsive 7/vendor/laravel/framework/src/Illuminate/Routing/Router.php(786): Illuminate\\Routing\\Router->runRouteWithinStack(Object(Illuminate\\Routing\\Route), Object(Illuminate\\Http\\Request))
#39 /Users/izarhairulanam/Downloads/finance-tracker-responsive 7/vendor/laravel/framework/src/Illuminate/Routing/Router.php(750): Illuminate\\Routing\\Router->runRoute(Object(Illuminate\\Http\\Request), Object(Illuminate\\Routing\\Route))
#40 /Users/izarhairulanam/Downloads/finance-tracker-responsive 7/vendor/laravel/framework/src/Illuminate/Routing/Router.php(739): Illuminate\\Routing\\Router->dispatchToRoute(Object(Illuminate\\Http\\Request))
#41 /Users/izarhairulanam/Downloads/finance-tracker-responsive 7/vendor/laravel/framework/src/Illuminate/Foundation/Http/Kernel.php(201): Illuminate\\Routing\\Router->dispatch(Object(Illuminate\\Http\\Request))
#42 /Users/izarhairulanam/Downloads/finance-tracker-responsive 7/vendor/laravel/framework/src/Illuminate/Pipeline/Pipeline.php(170): Illuminate\\Foundation\\Http\\Kernel->{closure:Illuminate\\Foundation\\Http\\Kernel::dispatchToRouter():198}(Object(Illuminate\\Http\\Request))
#43 /Users/izarhairulanam/Downloads/finance-tracker-responsive 7/vendor/livewire/livewire/src/Features/SupportDisablingBackButtonCache/DisableBackButtonCacheMiddleware.php(19): Illuminate\\Pipeline\\Pipeline->{closure:Illuminate\\Pipeline\\Pipeline::prepareDestination():168}(Object(Illuminate\\Http\\Request))
#44 /Users/izarhairulanam/Downloads/finance-tracker-responsive 7/vendor/laravel/framework/src/Illuminate/Pipeline/Pipeline.php(209): Livewire\\Features\\SupportDisablingBackButtonCache\\DisableBackButtonCacheMiddleware->handle(Object(Illuminate\\Http\\Request), Object(Closure))
#45 /Users/izarhairulanam/Downloads/finance-tracker-responsive 7/vendor/laravel/framework/src/Illuminate/Foundation/Http/Middleware/TransformsRequest.php(21): Illuminate\\Pipeline\\Pipeline->{closure:{closure:Illuminate\\Pipeline\\Pipeline::carry():184}:185}(Object(Illuminate\\Http\\Request))
#46 /Users/izarhairulanam/Downloads/finance-tracker-responsive 7/vendor/laravel/framework/src/Illuminate/Foundation/Http/Middleware/ConvertEmptyStringsToNull.php(31): Illuminate\\Foundation\\Http\\Middleware\\TransformsRequest->handle(Object(Illuminate\\Http\\Request), Object(Closure))
#47 /Users/izarhairulanam/Downloads/finance-tracker-responsive 7/vendor/laravel/framework/src/Illuminate/Pipeline/Pipeline.php(209): Illuminate\\Foundation\\Http\\Middleware\\ConvertEmptyStringsToNull->handle(Object(Illuminate\\Http\\Request), Object(Closure))
#48 /Users/izarhairulanam/Downloads/finance-tracker-responsive 7/vendor/laravel/framework/src/Illuminate/Foundation/Http/Middleware/TransformsRequest.php(21): Illuminate\\Pipeline\\Pipeline->{closure:{closure:Illuminate\\Pipeline\\Pipeline::carry():184}:185}(Object(Illuminate\\Http\\Request))
#49 /Users/izarhairulanam/Downloads/finance-tracker-responsive 7/vendor/laravel/framework/src/Illuminate/Foundation/Http/Middleware/TrimStrings.php(51): Illuminate\\Foundation\\Http\\Middleware\\TransformsRequest->handle(Object(Illuminate\\Http\\Request), Object(Closure))
#50 /Users/izarhairulanam/Downloads/finance-tracker-responsive 7/vendor/laravel/framework/src/Illuminate/Pipeline/Pipeline.php(209): Illuminate\\Foundation\\Http\\Middleware\\TrimStrings->handle(Object(Illuminate\\Http\\Request), Object(Closure))
#51 /Users/izarhairulanam/Downloads/finance-tracker-responsive 7/vendor/laravel/framework/src/Illuminate/Http/Middleware/ValidatePostSize.php(27): Illuminate\\Pipeline\\Pipeline->{closure:{closure:Illuminate\\Pipeline\\Pipeline::carry():184}:185}(Object(Illuminate\\Http\\Request))
#52 /Users/izarhairulanam/Downloads/finance-tracker-responsive 7/vendor/laravel/framework/src/Illuminate/Pipeline/Pipeline.php(209): Illuminate\\Http\\Middleware\\ValidatePostSize->handle(Object(Illuminate\\Http\\Request), Object(Closure))
#53 /Users/izarhairulanam/Downloads/finance-tracker-responsive 7/vendor/laravel/framework/src/Illuminate/Foundation/Http/Middleware/PreventRequestsDuringMaintenance.php(110): Illuminate\\Pipeline\\Pipeline->{closure:{closure:Illuminate\\Pipeline\\Pipeline::carry():184}:185}(Object(Illuminate\\Http\\Request))
#54 /Users/izarhairulanam/Downloads/finance-tracker-responsive 7/vendor/laravel/framework/src/Illuminate/Pipeline/Pipeline.php(209): Illuminate\\Foundation\\Http\\Middleware\\PreventRequestsDuringMaintenance->handle(Object(Illuminate\\Http\\Request), Object(Closure))
#55 /Users/izarhairulanam/Downloads/finance-tracker-responsive 7/vendor/laravel/framework/src/Illuminate/Http/Middleware/HandleCors.php(49): Illuminate\\Pipeline\\Pipeline->{closure:{closure:Illuminate\\Pipeline\\Pipeline::carry():184}:185}(Object(Illuminate\\Http\\Request))
#56 /Users/izarhairulanam/Downloads/finance-tracker-responsive 7/vendor/laravel/framework/src/Illuminate/Pipeline/Pipeline.php(209): Illuminate\\Http\\Middleware\\HandleCors->handle(Object(Illuminate\\Http\\Request), Object(Closure))
#57 /Users/izarhairulanam/Downloads/finance-tracker-responsive 7/vendor/laravel/framework/src/Illuminate/Http/Middleware/TrustProxies.php(58): Illuminate\\Pipeline\\Pipeline->{closure:{closure:Illuminate\\Pipeline\\Pipeline::carry():184}:185}(Object(Illuminate\\Http\\Request))
#58 /Users/izarhairulanam/Downloads/finance-tracker-responsive 7/vendor/laravel/framework/src/Illuminate/Pipeline/Pipeline.php(209): Illuminate\\Http\\Middleware\\TrustProxies->handle(Object(Illuminate\\Http\\Request), Object(Closure))
#59 /Users/izarhairulanam/Downloads/finance-tracker-responsive 7/vendor/laravel/framework/src/Illuminate/Foundation/Http/Middleware/InvokeDeferredCallbacks.php(22): Illuminate\\Pipeline\\Pipeline->{closure:{closure:Illuminate\\Pipeline\\Pipeline::carry():184}:185}(Object(Illuminate\\Http\\Request))
#60 /Users/izarhairulanam/Downloads/finance-tracker-responsive 7/vendor/laravel/framework/src/Illuminate/Pipeline/Pipeline.php(209): Illuminate\\Foundation\\Http\\Middleware\\InvokeDeferredCallbacks->handle(Object(Illuminate\\Http\\Request), Object(Closure))
#61 /Users/izarhairulanam/Downloads/finance-tracker-responsive 7/vendor/laravel/framework/src/Illuminate/Pipeline/Pipeline.php(127): Illuminate\\Pipeline\\Pipeline->{closure:{closure:Illuminate\\Pipeline\\Pipeline::carry():184}:185}(Object(Illuminate\\Http\\Request))
#62 /Users/izarhairulanam/Downloads/finance-tracker-responsive 7/vendor/laravel/framework/src/Illuminate/Foundation/Http/Kernel.php(176): Illuminate\\Pipeline\\Pipeline->then(Object(Closure))
#63 /Users/izarhairulanam/Downloads/finance-tracker-responsive 7/vendor/laravel/framework/src/Illuminate/Foundation/Http/Kernel.php(145): Illuminate\\Foundation\\Http\\Kernel->sendRequestThroughRouter(Object(Illuminate\\Http\\Request))
#64 /Users/izarhairulanam/Downloads/finance-tracker-responsive 7/vendor/laravel/framework/src/Illuminate/Foundation/Application.php(1220): Illuminate\\Foundation\\Http\\Kernel->handle(Object(Illuminate\\Http\\Request))
#65 /Users/izarhairulanam/Downloads/finance-tracker-responsive 7/public/index.php(17): Illuminate\\Foundation\\Application->handleRequest(Object(Illuminate\\Http\\Request))
#66 /Users/izarhairulanam/Downloads/finance-tracker-responsive 7/vendor/laravel/framework/src/Illuminate/Foundation/resources/server.php(23): require_once('/Users/izarhair...')
#67 {main}
"} 
[2026-05-19 22:41:04] local.ERROR: Call to undefined method App\Models\User::transactions() (View: /Users/izarhairulanam/Downloads/finance-tracker-responsive 7/resources/views/livewire/superadmin/index.blade.php) {"userId":3,"exception":"[object] (Illuminate\\View\\ViewException(code: 0): Call to undefined method App\\Models\\User::transactions() (View: /Users/izarhairulanam/Downloads/finance-tracker-responsive 7/resources/views/livewire/superadmin/index.blade.php) at /Users/izarhairulanam/Downloads/finance-tracker-responsive 7/vendor/laravel/framework/src/Illuminate/Support/Traits/ForwardsCalls.php:67)
[stacktrace]
#0 /Users/izarhairulanam/Downloads/finance-tracker-responsive 7/vendor/livewire/livewire/src/Mechanisms/ExtendBlade/ExtendedCompilerEngine.php(58): Illuminate\\View\\Engines\\CompilerEngine->handleViewException(Object(BadMethodCallException), 1)
#1 /Users/izarhairulanam/Downloads/finance-tracker-responsive 7/vendor/livewire/livewire/src/Mechanisms/ExtendBlade/ExtendedCompilerEngine.php(40): Livewire\\Mechanisms\\ExtendBlade\\ExtendedCompilerEngine->handleViewException(Object(BadMethodCallException), 1)
#2 /Users/izarhairulanam/Downloads/finance-tracker-responsive 7/vendor/laravel/framework/src/Illuminate/View/Engines/CompilerEngine.php(75): Livewire\\Mechanisms\\ExtendBlade\\ExtendedCompilerEngine->evaluatePath('/Users/izarhair...', Array)
#3 /Users/izarhairulanam/Downloads/finance-tracker-responsive 7/vendor/livewire/livewire/src/Mechanisms/ExtendBlade/ExtendedCompilerEngine.php(16): Illuminate\\View\\Engines\\CompilerEngine->get('/Users/izarhair...', Array)
#4 /Users/izarhairulanam/Downloads/finance-tracker-responsive 7/vendor/laravel/framework/src/Illuminate/View/View.php(209): Livewire\\Mechanisms\\ExtendBlade\\ExtendedCompilerEngine->get('/Users/izarhair...', Array)
#5 /Users/izarhairulanam/Downloads/finance-tracker-responsive 7/vendor/laravel/framework/src/Illuminate/View/View.php(192): Illuminate\\View\\View->getContents()
#6 /Users/izarhairulanam/Downloads/finance-tracker-responsive 7/vendor/laravel/framework/src/Illuminate/View/View.php(161): Illuminate\\View\\View->renderContents()
#7 /Users/izarhairulanam/Downloads/finance-tracker-responsive 7/vendor/livewire/livewire/src/Mechanisms/HandleComponents/HandleComponents.php(282): Illuminate\\View\\View->render(Object(Closure))
#8 /Users/izarhairulanam/Downloads/finance-tracker-responsive 7/vendor/livewire/livewire/src/Mechanisms/HandleComponents/HandleComponents.php(326): Livewire\\Mechanisms\\HandleComponents\\HandleComponents->{closure:Livewire\\Mechanisms\\HandleComponents\\HandleComponents::render():274}()
#9 /Users/izarhairulanam/Downloads/finance-tracker-responsive 7/vendor/livewire/livewire/src/Mechanisms/HandleComponents/HandleComponents.php(274): Livewire\\Mechanisms\\HandleComponents\\HandleComponents->trackInRenderStack(Object(App\\Livewire\\SuperAdmin), Object(Closure))
#10 /Users/izarhairulanam/Downloads/finance-tracker-responsive 7/vendor/livewire/livewire/src/Mechanisms/HandleComponents/HandleComponents.php(54): Livewire\\Mechanisms\\HandleComponents\\HandleComponents->render(Object(App\\Livewire\\SuperAdmin), '<div></div>')
#11 /Users/izarhairulanam/Downloads/finance-tracker-responsive 7/vendor/livewire/livewire/src/LivewireManager.php(73): Livewire\\Mechanisms\\HandleComponents\\HandleComponents->mount('App\\\\Livewire\\\\Su...', Array, NULL)
#12 /Users/izarhairulanam/Downloads/finance-tracker-responsive 7/vendor/livewire/livewire/src/Features/SupportPageComponents/HandlesPageComponents.php(17): Livewire\\LivewireManager->mount('App\\\\Livewire\\\\Su...', Array)
#13 /Users/izarhairulanam/Downloads/finance-tracker-responsive 7/vendor/livewire/livewire/src/Features/SupportPageComponents/SupportPageComponents.php(117): Livewire\\Component->{closure:Livewire\\Features\\SupportPageComponents\\HandlesPageComponents::__invoke():14}()
#14 /Users/izarhairulanam/Downloads/finance-tracker-responsive 7/vendor/livewire/livewire/src/Features/SupportPageComponents/HandlesPageComponents.php(14): Livewire\\Features\\SupportPageComponents\\SupportPageComponents::interceptTheRenderOfTheComponentAndRetreiveTheLayoutConfiguration(Object(Closure))
#15 /Users/izarhairulanam/Downloads/finance-tracker-responsive 7/vendor/laravel/framework/src/Illuminate/Routing/ControllerDispatcher.php(47): Livewire\\Component->__invoke()
#16 /Users/izarhairulanam/Downloads/finance-tracker-responsive 7/vendor/laravel/framework/src/Illuminate/Routing/Route.php(266): Illuminate\\Routing\\ControllerDispatcher->dispatch(Object(Illuminate\\Routing\\Route), Object(App\\Livewire\\SuperAdmin), '__invoke')
#17 /Users/izarhairulanam/Downloads/finance-tracker-responsive 7/vendor/laravel/framework/src/Illuminate/Routing/Route.php(212): Illuminate\\Routing\\Route->runController()
#18 /Users/izarhairulanam/Downloads/finance-tracker-responsive 7/vendor/laravel/framework/src/Illuminate/Routing/Router.php(808): Illuminate\\Routing\\Route->run()
#19 /Users/izarhairulanam/Downloads/finance-tracker-responsive 7/vendor/laravel/framework/src/Illuminate/Pipeline/Pipeline.php(170): Illuminate\\Routing\\Router->{closure:Illuminate\\Routing\\Router::runRouteWithinStack():807}(Object(Illuminate\\Http\\Request))
#20 /Users/izarhairulanam/Downloads/finance-tracker-responsive 7/app/Http/Middleware/SuperAdminMiddleware.php(17): Illuminate\\Pipeline\\Pipeline->{closure:Illuminate\\Pipeline\\Pipeline::prepareDestination():168}(Object(Illuminate\\Http\\Request))
#21 /Users/izarhairulanam/Downloads/finance-tracker-responsive 7/vendor/laravel/framework/src/Illuminate/Pipeline/Pipeline.php(209): App\\Http\\Middleware\\SuperAdminMiddleware->handle(Object(Illuminate\\Http\\Request), Object(Closure))
#22 /Users/izarhairulanam/Downloads/finance-tracker-responsive 7/vendor/laravel/framework/src/Illuminate/Routing/Middleware/SubstituteBindings.php(51): Illuminate\\Pipeline\\Pipeline->{closure:{closure:Illuminate\\Pipeline\\Pipeline::carry():184}:185}(Object(Illuminate\\Http\\Request))
#23 /Users/izarhairulanam/Downloads/finance-tracker-responsive 7/vendor/laravel/framework/src/Illuminate/Pipeline/Pipeline.php(209): Illuminate\\Routing\\Middleware\\SubstituteBindings->handle(Object(Illuminate\\Http\\Request), Object(Closure))
#24 /Users/izarhairulanam/Downloads/finance-tracker-responsive 7/vendor/laravel/framework/src/Illuminate/Auth/Middleware/Authenticate.php(64): Illuminate\\Pipeline\\Pipeline->{closure:{closure:Illuminate\\Pipeline\\Pipeline::carry():184}:185}(Object(Illuminate\\Http\\Request))
#25 /Users/izarhairulanam/Downloads/finance-tracker-responsive 7/vendor/laravel/framework/src/Illuminate/Pipeline/Pipeline.php(209): Illuminate\\Auth\\Middleware\\Authenticate->handle(Object(Illuminate\\Http\\Request), Object(Closure))
#26 /Users/izarhairulanam/Downloads/finance-tracker-responsive 7/vendor/laravel/framework/src/Illuminate/Foundation/Http/Middleware/VerifyCsrfToken.php(88): Illuminate\\Pipeline\\Pipeline->{closure:{closure:Illuminate\\Pipeline\\Pipeline::carry():184}:185}(Object(Illuminate\\Http\\Request))
#27 /Users/izarhairulanam/Downloads/finance-tracker-responsive 7/vendor/laravel/framework/src/Illuminate/Pipeline/Pipeline.php(209): Illuminate\\Foundation\\Http\\Middleware\\VerifyCsrfToken->handle(Object(Illuminate\\Http\\Request), Object(Closure))
#28 /Users/izarhairulanam/Downloads/finance-tracker-responsive 7/vendor/laravel/framework/src/Illuminate/View/Middleware/ShareErrorsFromSession.php(49): Illuminate\\Pipeline\\Pipeline->{closure:{closure:Illuminate\\Pipeline\\Pipeline::carry():184}:185}(Object(Illuminate\\Http\\Request))
#29 /Users/izarhairulanam/Downloads/finance-tracker-responsive 7/vendor/laravel/framework/src/Illuminate/Pipeline/Pipeline.php(209): Illuminate\\View\\Middleware\\ShareErrorsFromSession->handle(Object(Illuminate\\Http\\Request), Object(Closure))
#30 /Users/izarhairulanam/Downloads/finance-tracker-responsive 7/vendor/laravel/framework/src/Illuminate/Session/Middleware/StartSession.php(121): Illuminate\\Pipeline\\Pipeline->{closure:{closure:Illuminate\\Pipeline\\Pipeline::carry():184}:185}(Object(Illuminate\\Http\\Request))
#31 /Users/izarhairulanam/Downloads/finance-tracker-responsive 7/vendor/laravel/framework/src/Illuminate/Session/Middleware/StartSession.php(64): Illuminate\\Session\\Middleware\\StartSession->handleStatefulRequest(Object(Illuminate\\Http\\Request), Object(Illuminate\\Session\\Store), Object(Closure))
#32 /Users/izarhairulanam/Downloads/finance-tracker-responsive 7/vendor/laravel/framework/src/Illuminate/Pipeline/Pipeline.php(209): Illuminate\\Session\\Middleware\\StartSession->handle(Object(Illuminate\\Http\\Request), Object(Closure))
#33 /Users/izarhairulanam/Downloads/finance-tracker-responsive 7/vendor/laravel/framework/src/Illuminate/Cookie/Middleware/AddQueuedCookiesToResponse.php(37): Illuminate\\Pipeline\\Pipeline->{closure:{closure:Illuminate\\Pipeline\\Pipeline::carry():184}:185}(Object(Illuminate\\Http\\Request))
#34 /Users/izarhairulanam/Downloads/finance-tracker-responsive 7/vendor/laravel/framework/src/Illuminate/Pipeline/Pipeline.php(209): Illuminate\\Cookie\\Middleware\\AddQueuedCookiesToResponse->handle(Object(Illuminate\\Http\\Request), Object(Closure))
#35 /Users/izarhairulanam/Downloads/finance-tracker-responsive 7/vendor/laravel/framework/src/Illuminate/Cookie/Middleware/EncryptCookies.php(75): Illuminate\\Pipeline\\Pipeline->{closure:{closure:Illuminate\\Pipeline\\Pipeline::carry():184}:185}(Object(Illuminate\\Http\\Request))
#36 /Users/izarhairulanam/Downloads/finance-tracker-responsive 7/vendor/laravel/framework/src/Illuminate/Pipeline/Pipeline.php(209): Illuminate\\Cookie\\Middleware\\EncryptCookies->handle(Object(Illuminate\\Http\\Request), Object(Closure))
#37 /Users/izarhairulanam/Downloads/finance-tracker-responsive 7/vendor/laravel/framework/src/Illuminate/Pipeline/Pipeline.php(127): Illuminate\\Pipeline\\Pipeline->{closure:{closure:Illuminate\\Pipeline\\Pipeline::carry():184}:185}(Object(Illuminate\\Http\\Request))
#38 /Users/izarhairulanam/Downloads/finance-tracker-responsive 7/vendor/laravel/framework/src/Illuminate/Routing/Router.php(807): Illuminate\\Pipeline\\Pipeline->then(Object(Closure))
#39 /Users/izarhairulanam/Downloads/finance-tracker-responsive 7/vendor/laravel/framework/src/Illuminate/Routing/Router.php(786): Illuminate\\Routing\\Router->runRouteWithinStack(Object(Illuminate\\Routing\\Route), Object(Illuminate\\Http\\Request))
#40 /Users/izarhairulanam/Downloads/finance-tracker-responsive 7/vendor/laravel/framework/src/Illuminate/Routing/Router.php(750): Illuminate\\Routing\\Router->runRoute(Object(Illuminate\\Http\\Request), Object(Illuminate\\Routing\\Route))
#41 /Users/izarhairulanam/Downloads/finance-tracker-responsive 7/vendor/laravel/framework/src/Illuminate/Routing/Router.php(739): Illuminate\\Routing\\Router->dispatchToRoute(Object(Illuminate\\Http\\Request))
#42 /Users/izarhairulanam/Downloads/finance-tracker-responsive 7/vendor/laravel/framework/src/Illuminate/Foundation/Http/Kernel.php(201): Illuminate\\Routing\\Router->dispatch(Object(Illuminate\\Http\\Request))
#43 /Users/izarhairulanam/Downloads/finance-tracker-responsive 7/vendor/laravel/framework/src/Illuminate/Pipeline/Pipeline.php(170): Illuminate\\Foundation\\Http\\Kernel->{closure:Illuminate\\Foundation\\Http\\Kernel::dispatchToRouter():198}(Object(Illuminate\\Http\\Request))
#44 /Users/izarhairulanam/Downloads/finance-tracker-responsive 7/vendor/livewire/livewire/src/Features/SupportDisablingBackButtonCache/DisableBackButtonCacheMiddleware.php(19): Illuminate\\Pipeline\\Pipeline->{closure:Illuminate\\Pipeline\\Pipeline::prepareDestination():168}(Object(Illuminate\\Http\\Request))
#45 /Users/izarhairulanam/Downloads/finance-tracker-responsive 7/vendor/laravel/framework/src/Illuminate/Pipeline/Pipeline.php(209): Livewire\\Features\\SupportDisablingBackButtonCache\\DisableBackButtonCacheMiddleware->handle(Object(Illuminate\\Http\\Request), Object(Closure))
#46 /Users/izarhairulanam/Downloads/finance-tracker-responsive 7/vendor/laravel/framework/src/Illuminate/Foundation/Http/Middleware/TransformsRequest.php(21): Illuminate\\Pipeline\\Pipeline->{closure:{closure:Illuminate\\Pipeline\\Pipeline::carry():184}:185}(Object(Illuminate\\Http\\Request))
#47 /Users/izarhairulanam/Downloads/finance-tracker-responsive 7/vendor/laravel/framework/src/Illuminate/Foundation/Http/Middleware/ConvertEmptyStringsToNull.php(31): Illuminate\\Foundation\\Http\\Middleware\\TransformsRequest->handle(Object(Illuminate\\Http\\Request), Object(Closure))
#48 /Users/izarhairulanam/Downloads/finance-tracker-responsive 7/vendor/laravel/framework/src/Illuminate/Pipeline/Pipeline.php(209): Illuminate\\Foundation\\Http\\Middleware\\ConvertEmptyStringsToNull->handle(Object(Illuminate\\Http\\Request), Object(Closure))
#49 /Users/izarhairulanam/Downloads/finance-tracker-responsive 7/vendor/laravel/framework/src/Illuminate/Foundation/Http/Middleware/TransformsRequest.php(21): Illuminate\\Pipeline\\Pipeline->{closure:{closure:Illuminate\\Pipeline\\Pipeline::carry():184}:185}(Object(Illuminate\\Http\\Request))
#50 /Users/izarhairulanam/Downloads/finance-tracker-responsive 7/vendor/laravel/framework/src/Illuminate/Foundation/Http/Middleware/TrimStrings.php(51): Illuminate\\Foundation\\Http\\Middleware\\TransformsRequest->handle(Object(Illuminate\\Http\\Request), Object(Closure))
#51 /Users/izarhairulanam/Downloads/finance-tracker-responsive 7/vendor/laravel/framework/src/Illuminate/Pipeline/Pipeline.php(209): Illuminate\\Foundation\\Http\\Middleware\\TrimStrings->handle(Object(Illuminate\\Http\\Request), Object(Closure))
#52 /Users/izarhairulanam/Downloads/finance-tracker-responsive 7/vendor/laravel/framework/src/Illuminate/Http/Middleware/ValidatePostSize.php(27): Illuminate\\Pipeline\\Pipeline->{closure:{closure:Illuminate\\Pipeline\\Pipeline::carry():184}:185}(Object(Illuminate\\Http\\Request))
#53 /Users/izarhairulanam/Downloads/finance-tracker-responsive 7/vendor/laravel/framework/src/Illuminate/Pipeline/Pipeline.php(209): Illuminate\\Http\\Middleware\\ValidatePostSize->handle(Object(Illuminate\\Http\\Request), Object(Closure))
#54 /Users/izarhairulanam/Downloads/finance-tracker-responsive 7/vendor/laravel/framework/src/Illuminate/Foundation/Http/Middleware/PreventRequestsDuringMaintenance.php(110): Illuminate\\Pipeline\\Pipeline->{closure:{closure:Illuminate\\Pipeline\\Pipeline::carry():184}:185}(Object(Illuminate\\Http\\Request))
#55 /Users/izarhairulanam/Downloads/finance-tracker-responsive 7/vendor/laravel/framework/src/Illuminate/Pipeline/Pipeline.php(209): Illuminate\\Foundation\\Http\\Middleware\\PreventRequestsDuringMaintenance->handle(Object(Illuminate\\Http\\Request), Object(Closure))
#56 /Users/izarhairulanam/Downloads/finance-tracker-responsive 7/vendor/laravel/framework/src/Illuminate/Http/Middleware/HandleCors.php(49): Illuminate\\Pipeline\\Pipeline->{closure:{closure:Illuminate\\Pipeline\\Pipeline::carry():184}:185}(Object(Illuminate\\Http\\Request))
#57 /Users/izarhairulanam/Downloads/finance-tracker-responsive 7/vendor/laravel/framework/src/Illuminate/Pipeline/Pipeline.php(209): Illuminate\\Http\\Middleware\\HandleCors->handle(Object(Illuminate\\Http\\Request), Object(Closure))
#58 /Users/izarhairulanam/Downloads/finance-tracker-responsive 7/vendor/laravel/framework/src/Illuminate/Http/Middleware/TrustProxies.php(58): Illuminate\\Pipeline\\Pipeline->{closure:{closure:Illuminate\\Pipeline\\Pipeline::carry():184}:185}(Object(Illuminate\\Http\\Request))
#59 /Users/izarhairulanam/Downloads/finance-tracker-responsive 7/vendor/laravel/framework/src/Illuminate/Pipeline/Pipeline.php(209): Illuminate\\Http\\Middleware\\TrustProxies->handle(Object(Illuminate\\Http\\Request), Object(Closure))
#60 /Users/izarhairulanam/Downloads/finance-tracker-responsive 7/vendor/laravel/framework/src/Illuminate/Foundation/Http/Middleware/InvokeDeferredCallbacks.php(22): Illuminate\\Pipeline\\Pipeline->{closure:{closure:Illuminate\\Pipeline\\Pipeline::carry():184}:185}(Object(Illuminate\\Http\\Request))
#61 /Users/izarhairulanam/Downloads/finance-tracker-responsive 7/vendor/laravel/framework/src/Illuminate/Pipeline/Pipeline.php(209): Illuminate\\Foundation\\Http\\Middleware\\InvokeDeferredCallbacks->handle(Object(Illuminate\\Http\\Request), Object(Closure))
#62 /Users/izarhairulanam/Downloads/finance-tracker-responsive 7/vendor/laravel/framework/src/Illuminate/Pipeline/Pipeline.php(127): Illuminate\\Pipeline\\Pipeline->{closure:{closure:Illuminate\\Pipeline\\Pipeline::carry():184}:185}(Object(Illuminate\\Http\\Request))
#63 /Users/izarhairulanam/Downloads/finance-tracker-responsive 7/vendor/laravel/framework/src/Illuminate/Foundation/Http/Kernel.php(176): Illuminate\\Pipeline\\Pipeline->then(Object(Closure))
#64 /Users/izarhairulanam/Downloads/finance-tracker-responsive 7/vendor/laravel/framework/src/Illuminate/Foundation/Http/Kernel.php(145): Illuminate\\Foundation\\Http\\Kernel->sendRequestThroughRouter(Object(Illuminate\\Http\\Request))
#65 /Users/izarhairulanam/Downloads/finance-tracker-responsive 7/vendor/laravel/framework/src/Illuminate/Foundation/Application.php(1220): Illuminate\\Foundation\\Http\\Kernel->handle(Object(Illuminate\\Http\\Request))
#66 /Users/izarhairulanam/Downloads/finance-tracker-responsive 7/public/index.php(17): Illuminate\\Foundation\\Application->handleRequest(Object(Illuminate\\Http\\Request))
#67 /Users/izarhairulanam/Downloads/finance-tracker-responsive 7/vendor/laravel/framework/src/Illuminate/Foundation/resources/server.php(23): require_once('/Users/izarhair...')
#68 {main}

[previous exception] [object] (BadMethodCallException(code: 0): Call to undefined method App\\Models\\User::transactions() at /Users/izarhairulanam/Downloads/finance-tracker-responsive 7/vendor/laravel/framework/src/Illuminate/Support/Traits/ForwardsCalls.php:67)
[stacktrace]
#0 /Users/izarhairulanam/Downloads/finance-tracker-responsive 7/vendor/laravel/framework/src/Illuminate/Support/Traits/ForwardsCalls.php(36): Illuminate\\Database\\Eloquent\\Model::throwBadMethodCallException('transactions')
#1 /Users/izarhairulanam/Downloads/finance-tracker-responsive 7/vendor/laravel/framework/src/Illuminate/Database/Eloquent/Model.php(2372): Illuminate\\Database\\Eloquent\\Model->forwardCallTo(Object(Illuminate\\Database\\Eloquent\\Builder), 'transactions', Array)
#2 /Users/izarhairulanam/Downloads/finance-tracker-responsive 7/vendor/laravel/framework/src/Illuminate/Database/Eloquent/Concerns/QueriesRelationships.php(1046): Illuminate\\Database\\Eloquent\\Model->__call('transactions', Array)
#3 /Users/izarhairulanam/Downloads/finance-tracker-responsive 7/vendor/laravel/framework/src/Illuminate/Database/Eloquent/Relations/Relation.php(120): Illuminate\\Database\\Eloquent\\Builder->{closure:Illuminate\\Database\\Eloquent\\Concerns\\QueriesRelationships::getRelationWithoutConstraints():1045}()
#4 /Users/izarhairulanam/Downloads/finance-tracker-responsive 7/vendor/laravel/framework/src/Illuminate/Database/Eloquent/Concerns/QueriesRelationships.php(1045): Illuminate\\Database\\Eloquent\\Relations\\Relation::noConstraints(Object(Closure))
#5 /Users/izarhairulanam/Downloads/finance-tracker-responsive 7/vendor/laravel/framework/src/Illuminate/Database/Eloquent/Concerns/QueriesRelationships.php(800): Illuminate\\Database\\Eloquent\\Builder->getRelationWithoutConstraints('transactions')
#6 /Users/izarhairulanam/Downloads/finance-tracker-responsive 7/vendor/laravel/framework/src/Illuminate/Database/Eloquent/Concerns/QueriesRelationships.php(889): Illuminate\\Database\\Eloquent\\Builder->withAggregate(Array, '*', 'count')
#7 /Users/izarhairulanam/Downloads/finance-tracker-responsive 7/app/Livewire/SuperAdmin.php(70): Illuminate\\Database\\Eloquent\\Builder->withCount(Array)
#8 /Users/izarhairulanam/Downloads/finance-tracker-responsive 7/vendor/laravel/framework/src/Illuminate/Container/BoundMethod.php(36): App\\Livewire\\SuperAdmin->getUsersProperty()
#9 /Users/izarhairulanam/Downloads/finance-tracker-responsive 7/vendor/laravel/framework/src/Illuminate/Container/Util.php(43): Illuminate\\Container\\BoundMethod::{closure:Illuminate\\Container\\BoundMethod::call():35}()
#10 /Users/izarhairulanam/Downloads/finance-tracker-responsive 7/vendor/laravel/framework/src/Illuminate/Container/BoundMethod.php(95): Illuminate\\Container\\Util::unwrapIfClosure(Object(Closure))
#11 /Users/izarhairulanam/Downloads/finance-tracker-responsive 7/vendor/laravel/framework/src/Illuminate/Container/BoundMethod.php(35): Illuminate\\Container\\BoundMethod::callBoundMethod(Object(Illuminate\\Foundation\\Application), Array, Object(Closure))
#12 /Users/izarhairulanam/Downloads/finance-tracker-responsive 7/vendor/livewire/livewire/src/Wrapped.php(23): Illuminate\\Container\\BoundMethod::call(Object(Illuminate\\Foundation\\Application), Array, Array)
#13 /Users/izarhairulanam/Downloads/finance-tracker-responsive 7/vendor/livewire/livewire/src/Features/SupportComputed/SupportLegacyComputedPropertySyntax.php(53): Livewire\\Wrapped->__call('getUsersPropert...', Array)
#14 /Users/izarhairulanam/Downloads/finance-tracker-responsive 7/vendor/laravel/framework/src/Illuminate/Collections/helpers.php(236): Livewire\\Features\\SupportComputed\\SupportLegacyComputedPropertySyntax::{closure:Livewire\\Features\\SupportComputed\\SupportLegacyComputedPropertySyntax::getComputedProperty():53}()
#15 /Users/izarhairulanam/Downloads/finance-tracker-responsive 7/vendor/livewire/livewire/src/Mechanisms/DataStore.php(65): value(Object(Closure))
#16 /Users/izarhairulanam/Downloads/finance-tracker-responsive 7/vendor/livewire/livewire/src/helpers.php(160): Livewire\\Mechanisms\\DataStore->find(Object(App\\Livewire\\SuperAdmin), 'computedPropert...', 'users', Object(Closure))
#17 /Users/izarhairulanam/Downloads/finance-tracker-responsive 7/vendor/livewire/livewire/src/Features/SupportComputed/SupportLegacyComputedPropertySyntax.php(53): class@anonymous->find('computedPropert...', 'users', Object(Closure))
#18 /Users/izarhairulanam/Downloads/finance-tracker-responsive 7/vendor/livewire/livewire/src/Features/SupportComputed/SupportLegacyComputedPropertySyntax.php(18): Livewire\\Features\\SupportComputed\\SupportLegacyComputedPropertySyntax::getComputedProperty(Object(App\\Livewire\\SuperAdmin), 'users')
#19 /Users/izarhairulanam/Downloads/finance-tracker-responsive 7/vendor/livewire/livewire/src/EventBus.php(60): Livewire\\Features\\SupportComputed\\SupportLegacyComputedPropertySyntax::{closure:Livewire\\Features\\SupportComputed\\SupportLegacyComputedPropertySyntax::provide():16}(Object(App\\Livewire\\SuperAdmin), 'users', Object(Closure))
#20 /Users/izarhairulanam/Downloads/finance-tracker-responsive 7/vendor/livewire/livewire/src/helpers.php(98): Livewire\\EventBus->trigger('__get', Object(App\\Livewire\\SuperAdmin), 'users', Object(Closure))
#21 /Users/izarhairulanam/Downloads/finance-tracker-responsive 7/vendor/livewire/livewire/src/Component.php(102): Livewire\\trigger('__get', Object(App\\Livewire\\SuperAdmin), 'users', Object(Closure))
#22 /Users/izarhairulanam/Downloads/finance-tracker-responsive 7/storage/framework/views/e54e9e3e29dedc00dc473b27109d1c9c.php(73): Livewire\\Component->__get('users')
#23 /Users/izarhairulanam/Downloads/finance-tracker-responsive 7/vendor/livewire/livewire/src/Mechanisms/ExtendBlade/ExtendedCompilerEngine.php(37): include('/Users/izarhair...')
#24 /Users/izarhairulanam/Downloads/finance-tracker-responsive 7/vendor/livewire/livewire/src/Mechanisms/ExtendBlade/ExtendedCompilerEngine.php(38): App\\Livewire\\SuperAdmin->{closure:Livewire\\Mechanisms\\ExtendBlade\\ExtendedCompilerEngine::evaluatePath():35}()
#25 /Users/izarhairulanam/Downloads/finance-tracker-responsive 7/vendor/laravel/framework/src/Illuminate/View/Engines/CompilerEngine.php(75): Livewire\\Mechanisms\\ExtendBlade\\ExtendedCompilerEngine->evaluatePath('/Users/izarhair...', Array)
#26 /Users/izarhairulanam/Downloads/finance-tracker-responsive 7/vendor/livewire/livewire/src/Mechanisms/ExtendBlade/ExtendedCompilerEngine.php(16): Illuminate\\View\\Engines\\CompilerEngine->get('/Users/izarhair...', Array)
#27 /Users/izarhairulanam/Downloads/finance-tracker-responsive 7/vendor/laravel/framework/src/Illuminate/View/View.php(209): Livewire\\Mechanisms\\ExtendBlade\\ExtendedCompilerEngine->get('/Users/izarhair...', Array)
#28 /Users/izarhairulanam/Downloads/finance-tracker-responsive 7/vendor/laravel/framework/src/Illuminate/View/View.php(192): Illuminate\\View\\View->getContents()
#29 /Users/izarhairulanam/Downloads/finance-tracker-responsive 7/vendor/laravel/framework/src/Illuminate/View/View.php(161): Illuminate\\View\\View->renderContents()
#30 /Users/izarhairulanam/Downloads/finance-tracker-responsive 7/vendor/livewire/livewire/src/Mechanisms/HandleComponents/HandleComponents.php(282): Illuminate\\View\\View->render(Object(Closure))
#31 /Users/izarhairulanam/Downloads/finance-tracker-responsive 7/vendor/livewire/livewire/src/Mechanisms/HandleComponents/HandleComponents.php(326): Livewire\\Mechanisms\\HandleComponents\\HandleComponents->{closure:Livewire\\Mechanisms\\HandleComponents\\HandleComponents::render():274}()
#32 /Users/izarhairulanam/Downloads/finance-tracker-responsive 7/vendor/livewire/livewire/src/Mechanisms/HandleComponents/HandleComponents.php(274): Livewire\\Mechanisms\\HandleComponents\\HandleComponents->trackInRenderStack(Object(App\\Livewire\\SuperAdmin), Object(Closure))
#33 /Users/izarhairulanam/Downloads/finance-tracker-responsive 7/vendor/livewire/livewire/src/Mechanisms/HandleComponents/HandleComponents.php(54): Livewire\\Mechanisms\\HandleComponents\\HandleComponents->render(Object(App\\Livewire\\SuperAdmin), '<div></div>')
#34 /Users/izarhairulanam/Downloads/finance-tracker-responsive 7/vendor/livewire/livewire/src/LivewireManager.php(73): Livewire\\Mechanisms\\HandleComponents\\HandleComponents->mount('App\\\\Livewire\\\\Su...', Array, NULL)
#35 /Users/izarhairulanam/Downloads/finance-tracker-responsive 7/vendor/livewire/livewire/src/Features/SupportPageComponents/HandlesPageComponents.php(17): Livewire\\LivewireManager->mount('App\\\\Livewire\\\\Su...', Array)
#36 /Users/izarhairulanam/Downloads/finance-tracker-responsive 7/vendor/livewire/livewire/src/Features/SupportPageComponents/SupportPageComponents.php(117): Livewire\\Component->{closure:Livewire\\Features\\SupportPageComponents\\HandlesPageComponents::__invoke():14}()
#37 /Users/izarhairulanam/Downloads/finance-tracker-responsive 7/vendor/livewire/livewire/src/Features/SupportPageComponents/HandlesPageComponents.php(14): Livewire\\Features\\SupportPageComponents\\SupportPageComponents::interceptTheRenderOfTheComponentAndRetreiveTheLayoutConfiguration(Object(Closure))
#38 /Users/izarhairulanam/Downloads/finance-tracker-responsive 7/vendor/laravel/framework/src/Illuminate/Routing/ControllerDispatcher.php(47): Livewire\\Component->__invoke()
#39 /Users/izarhairulanam/Downloads/finance-tracker-responsive 7/vendor/laravel/framework/src/Illuminate/Routing/Route.php(266): Illuminate\\Routing\\ControllerDispatcher->dispatch(Object(Illuminate\\Routing\\Route), Object(App\\Livewire\\SuperAdmin), '__invoke')
#40 /Users/izarhairulanam/Downloads/finance-tracker-responsive 7/vendor/laravel/framework/src/Illuminate/Routing/Route.php(212): Illuminate\\Routing\\Route->runController()
#41 /Users/izarhairulanam/Downloads/finance-tracker-responsive 7/vendor/laravel/framework/src/Illuminate/Routing/Router.php(808): Illuminate\\Routing\\Route->run()
#42 /Users/izarhairulanam/Downloads/finance-tracker-responsive 7/vendor/laravel/framework/src/Illuminate/Pipeline/Pipeline.php(170): Illuminate\\Routing\\Router->{closure:Illuminate\\Routing\\Router::runRouteWithinStack():807}(Object(Illuminate\\Http\\Request))
#43 /Users/izarhairulanam/Downloads/finance-tracker-responsive 7/app/Http/Middleware/SuperAdminMiddleware.php(17): Illuminate\\Pipeline\\Pipeline->{closure:Illuminate\\Pipeline\\Pipeline::prepareDestination():168}(Object(Illuminate\\Http\\Request))
#44 /Users/izarhairulanam/Downloads/finance-tracker-responsive 7/vendor/laravel/framework/src/Illuminate/Pipeline/Pipeline.php(209): App\\Http\\Middleware\\SuperAdminMiddleware->handle(Object(Illuminate\\Http\\Request), Object(Closure))
#45 /Users/izarhairulanam/Downloads/finance-tracker-responsive 7/vendor/laravel/framework/src/Illuminate/Routing/Middleware/SubstituteBindings.php(51): Illuminate\\Pipeline\\Pipeline->{closure:{closure:Illuminate\\Pipeline\\Pipeline::carry():184}:185}(Object(Illuminate\\Http\\Request))
#46 /Users/izarhairulanam/Downloads/finance-tracker-responsive 7/vendor/laravel/framework/src/Illuminate/Pipeline/Pipeline.php(209): Illuminate\\Routing\\Middleware\\SubstituteBindings->handle(Object(Illuminate\\Http\\Request), Object(Closure))
#47 /Users/izarhairulanam/Downloads/finance-tracker-responsive 7/vendor/laravel/framework/src/Illuminate/Auth/Middleware/Authenticate.php(64): Illuminate\\Pipeline\\Pipeline->{closure:{closure:Illuminate\\Pipeline\\Pipeline::carry():184}:185}(Object(Illuminate\\Http\\Request))
#48 /Users/izarhairulanam/Downloads/finance-tracker-responsive 7/vendor/laravel/framework/src/Illuminate/Pipeline/Pipeline.php(209): Illuminate\\Auth\\Middleware\\Authenticate->handle(Object(Illuminate\\Http\\Request), Object(Closure))
#49 /Users/izarhairulanam/Downloads/finance-tracker-responsive 7/vendor/laravel/framework/src/Illuminate/Foundation/Http/Middleware/VerifyCsrfToken.php(88): Illuminate\\Pipeline\\Pipeline->{closure:{closure:Illuminate\\Pipeline\\Pipeline::carry():184}:185}(Object(Illuminate\\Http\\Request))
#50 /Users/izarhairulanam/Downloads/finance-tracker-responsive 7/vendor/laravel/framework/src/Illuminate/Pipeline/Pipeline.php(209): Illuminate\\Foundation\\Http\\Middleware\\VerifyCsrfToken->handle(Object(Illuminate\\Http\\Request), Object(Closure))
#51 /Users/izarhairulanam/Downloads/finance-tracker-responsive 7/vendor/laravel/framework/src/Illuminate/View/Middleware/ShareErrorsFromSession.php(49): Illuminate\\Pipeline\\Pipeline->{closure:{closure:Illuminate\\Pipeline\\Pipeline::carry():184}:185}(Object(Illuminate\\Http\\Request))
#52 /Users/izarhairulanam/Downloads/finance-tracker-responsive 7/vendor/laravel/framework/src/Illuminate/Pipeline/Pipeline.php(209): Illuminate\\View\\Middleware\\ShareErrorsFromSession->handle(Object(Illuminate\\Http\\Request), Object(Closure))
#53 /Users/izarhairulanam/Downloads/finance-tracker-responsive 7/vendor/laravel/framework/src/Illuminate/Session/Middleware/StartSession.php(121): Illuminate\\Pipeline\\Pipeline->{closure:{closure:Illuminate\\Pipeline\\Pipeline::carry():184}:185}(Object(Illuminate\\Http\\Request))
#54 /Users/izarhairulanam/Downloads/finance-tracker-responsive 7/vendor/laravel/framework/src/Illuminate/Session/Middleware/StartSession.php(64): Illuminate\\Session\\Middleware\\StartSession->handleStatefulRequest(Object(Illuminate\\Http\\Request), Object(Illuminate\\Session\\Store), Object(Closure))
#55 /Users/izarhairulanam/Downloads/finance-tracker-responsive 7/vendor/laravel/framework/src/Illuminate/Pipeline/Pipeline.php(209): Illuminate\\Session\\Middleware\\StartSession->handle(Object(Illuminate\\Http\\Request), Object(Closure))
#56 /Users/izarhairulanam/Downloads/finance-tracker-responsive 7/vendor/laravel/framework/src/Illuminate/Cookie/Middleware/AddQueuedCookiesToResponse.php(37): Illuminate\\Pipeline\\Pipeline->{closure:{closure:Illuminate\\Pipeline\\Pipeline::carry():184}:185}(Object(Illuminate\\Http\\Request))
#57 /Users/izarhairulanam/Downloads/finance-tracker-responsive 7/vendor/laravel/framework/src/Illuminate/Pipeline/Pipeline.php(209): Illuminate\\Cookie\\Middleware\\AddQueuedCookiesToResponse->handle(Object(Illuminate\\Http\\Request), Object(Closure))
#58 /Users/izarhairulanam/Downloads/finance-tracker-responsive 7/vendor/laravel/framework/src/Illuminate/Cookie/Middleware/EncryptCookies.php(75): Illuminate\\Pipeline\\Pipeline->{closure:{closure:Illuminate\\Pipeline\\Pipeline::carry():184}:185}(Object(Illuminate\\Http\\Request))
#59 /Users/izarhairulanam/Downloads/finance-tracker-responsive 7/vendor/laravel/framework/src/Illuminate/Pipeline/Pipeline.php(209): Illuminate\\Cookie\\Middleware\\EncryptCookies->handle(Object(Illuminate\\Http\\Request), Object(Closure))
#60 /Users/izarhairulanam/Downloads/finance-tracker-responsive 7/vendor/laravel/framework/src/Illuminate/Pipeline/Pipeline.php(127): Illuminate\\Pipeline\\Pipeline->{closure:{closure:Illuminate\\Pipeline\\Pipeline::carry():184}:185}(Object(Illuminate\\Http\\Request))
#61 /Users/izarhairulanam/Downloads/finance-tracker-responsive 7/vendor/laravel/framework/src/Illuminate/Routing/Router.php(807): Illuminate\\Pipeline\\Pipeline->then(Object(Closure))
#62 /Users/izarhairulanam/Downloads/finance-tracker-responsive 7/vendor/laravel/framework/src/Illuminate/Routing/Router.php(786): Illuminate\\Routing\\Router->runRouteWithinStack(Object(Illuminate\\Routing\\Route), Object(Illuminate\\Http\\Request))
#63 /Users/izarhairulanam/Downloads/finance-tracker-responsive 7/vendor/laravel/framework/src/Illuminate/Routing/Router.php(750): Illuminate\\Routing\\Router->runRoute(Object(Illuminate\\Http\\Request), Object(Illuminate\\Routing\\Route))
#64 /Users/izarhairulanam/Downloads/finance-tracker-responsive 7/vendor/laravel/framework/src/Illuminate/Routing/Router.php(739): Illuminate\\Routing\\Router->dispatchToRoute(Object(Illuminate\\Http\\Request))
#65 /Users/izarhairulanam/Downloads/finance-tracker-responsive 7/vendor/laravel/framework/src/Illuminate/Foundation/Http/Kernel.php(201): Illuminate\\Routing\\Router->dispatch(Object(Illuminate\\Http\\Request))
#66 /Users/izarhairulanam/Downloads/finance-tracker-responsive 7/vendor/laravel/framework/src/Illuminate/Pipeline/Pipeline.php(170): Illuminate\\Foundation\\Http\\Kernel->{closure:Illuminate\\Foundation\\Http\\Kernel::dispatchToRouter():198}(Object(Illuminate\\Http\\Request))
#67 /Users/izarhairulanam/Downloads/finance-tracker-responsive 7/vendor/livewire/livewire/src/Features/SupportDisablingBackButtonCache/DisableBackButtonCacheMiddleware.php(19): Illuminate\\Pipeline\\Pipeline->{closure:Illuminate\\Pipeline\\Pipeline::prepareDestination():168}(Object(Illuminate\\Http\\Request))
#68 /Users/izarhairulanam/Downloads/finance-tracker-responsive 7/vendor/laravel/framework/src/Illuminate/Pipeline/Pipeline.php(209): Livewire\\Features\\SupportDisablingBackButtonCache\\DisableBackButtonCacheMiddleware->handle(Object(Illuminate\\Http\\Request), Object(Closure))
#69 /Users/izarhairulanam/Downloads/finance-tracker-responsive 7/vendor/laravel/framework/src/Illuminate/Foundation/Http/Middleware/TransformsRequest.php(21): Illuminate\\Pipeline\\Pipeline->{closure:{closure:Illuminate\\Pipeline\\Pipeline::carry():184}:185}(Object(Illuminate\\Http\\Request))
#70 /Users/izarhairulanam/Downloads/finance-tracker-responsive 7/vendor/laravel/framework/src/Illuminate/Foundation/Http/Middleware/ConvertEmptyStringsToNull.php(31): Illuminate\\Foundation\\Http\\Middleware\\TransformsRequest->handle(Object(Illuminate\\Http\\Request), Object(Closure))
#71 /Users/izarhairulanam/Downloads/finance-tracker-responsive 7/vendor/laravel/framework/src/Illuminate/Pipeline/Pipeline.php(209): Illuminate\\Foundation\\Http\\Middleware\\ConvertEmptyStringsToNull->handle(Object(Illuminate\\Http\\Request), Object(Closure))
#72 /Users/izarhairulanam/Downloads/finance-tracker-responsive 7/vendor/laravel/framework/src/Illuminate/Foundation/Http/Middleware/TransformsRequest.php(21): Illuminate\\Pipeline\\Pipeline->{closure:{closure:Illuminate\\Pipeline\\Pipeline::carry():184}:185}(Object(Illuminate\\Http\\Request))
#73 /Users/izarhairulanam/Downloads/finance-tracker-responsive 7/vendor/laravel/framework/src/Illuminate/Foundation/Http/Middleware/TrimStrings.php(51): Illuminate\\Foundation\\Http\\Middleware\\TransformsRequest->handle(Object(Illuminate\\Http\\Request), Object(Closure))
#74 /Users/izarhairulanam/Downloads/finance-tracker-responsive 7/vendor/laravel/framework/src/Illuminate/Pipeline/Pipeline.php(209): Illuminate\\Foundation\\Http\\Middleware\\TrimStrings->handle(Object(Illuminate\\Http\\Request), Object(Closure))
#75 /Users/izarhairulanam/Downloads/finance-tracker-responsive 7/vendor/laravel/framework/src/Illuminate/Http/Middleware/ValidatePostSize.php(27): Illuminate\\Pipeline\\Pipeline->{closure:{closure:Illuminate\\Pipeline\\Pipeline::carry():184}:185}(Object(Illuminate\\Http\\Request))
#76 /Users/izarhairulanam/Downloads/finance-tracker-responsive 7/vendor/laravel/framework/src/Illuminate/Pipeline/Pipeline.php(209): Illuminate\\Http\\Middleware\\ValidatePostSize->handle(Object(Illuminate\\Http\\Request), Object(Closure))
#77 /Users/izarhairulanam/Downloads/finance-tracker-responsive 7/vendor/laravel/framework/src/Illuminate/Foundation/Http/Middleware/PreventRequestsDuringMaintenance.php(110): Illuminate\\Pipeline\\Pipeline->{closure:{closure:Illuminate\\Pipeline\\Pipeline::carry():184}:185}(Object(Illuminate\\Http\\Request))
#78 /Users/izarhairulanam/Downloads/finance-tracker-responsive 7/vendor/laravel/framework/src/Illuminate/Pipeline/Pipeline.php(209): Illuminate\\Foundation\\Http\\Middleware\\PreventRequestsDuringMaintenance->handle(Object(Illuminate\\Http\\Request), Object(Closure))
#79 /Users/izarhairulanam/Downloads/finance-tracker-responsive 7/vendor/laravel/framework/src/Illuminate/Http/Middleware/HandleCors.php(49): Illuminate\\Pipeline\\Pipeline->{closure:{closure:Illuminate\\Pipeline\\Pipeline::carry():184}:185}(Object(Illuminate\\Http\\Request))
#80 /Users/izarhairulanam/Downloads/finance-tracker-responsive 7/vendor/laravel/framework/src/Illuminate/Pipeline/Pipeline.php(209): Illuminate\\Http\\Middleware\\HandleCors->handle(Object(Illuminate\\Http\\Request), Object(Closure))
#81 /Users/izarhairulanam/Downloads/finance-tracker-responsive 7/vendor/laravel/framework/src/Illuminate/Http/Middleware/TrustProxies.php(58): Illuminate\\Pipeline\\Pipeline->{closure:{closure:Illuminate\\Pipeline\\Pipeline::carry():184}:185}(Object(Illuminate\\Http\\Request))
#82 /Users/izarhairulanam/Downloads/finance-tracker-responsive 7/vendor/laravel/framework/src/Illuminate/Pipeline/Pipeline.php(209): Illuminate\\Http\\Middleware\\TrustProxies->handle(Object(Illuminate\\Http\\Request), Object(Closure))
#83 /Users/izarhairulanam/Downloads/finance-tracker-responsive 7/vendor/laravel/framework/src/Illuminate/Foundation/Http/Middleware/InvokeDeferredCallbacks.php(22): Illuminate\\Pipeline\\Pipeline->{closure:{closure:Illuminate\\Pipeline\\Pipeline::carry():184}:185}(Object(Illuminate\\Http\\Request))
#84 /Users/izarhairulanam/Downloads/finance-tracker-responsive 7/vendor/laravel/framework/src/Illuminate/Pipeline/Pipeline.php(209): Illuminate\\Foundation\\Http\\Middleware\\InvokeDeferredCallbacks->handle(Object(Illuminate\\Http\\Request), Object(Closure))
#85 /Users/izarhairulanam/Downloads/finance-tracker-responsive 7/vendor/laravel/framework/src/Illuminate/Pipeline/Pipeline.php(127): Illuminate\\Pipeline\\Pipeline->{closure:{closure:Illuminate\\Pipeline\\Pipeline::carry():184}:185}(Object(Illuminate\\Http\\Request))
#86 /Users/izarhairulanam/Downloads/finance-tracker-responsive 7/vendor/laravel/framework/src/Illuminate/Foundation/Http/Kernel.php(176): Illuminate\\Pipeline\\Pipeline->then(Object(Closure))
#87 /Users/izarhairulanam/Downloads/finance-tracker-responsive 7/vendor/laravel/framework/src/Illuminate/Foundation/Http/Kernel.php(145): Illuminate\\Foundation\\Http\\Kernel->sendRequestThroughRouter(Object(Illuminate\\Http\\Request))
#88 /Users/izarhairulanam/Downloads/finance-tracker-responsive 7/vendor/laravel/framework/src/Illuminate/Foundation/Application.php(1220): Illuminate\\Foundation\\Http\\Kernel->handle(Object(Illuminate\\Http\\Request))
#89 /Users/izarhairulanam/Downloads/finance-tracker-responsive 7/public/index.php(17): Illuminate\\Foundation\\Application->handleRequest(Object(Illuminate\\Http\\Request))
#90 /Users/izarhairulanam/Downloads/finance-tracker-responsive 7/vendor/laravel/framework/src/Illuminate/Foundation/resources/server.php(23): require_once('/Users/izarhair...')
#91 {main}
"} 
